exercise,note,start_s,end_s,dur_s
1,C#3,33.766,34.207,0.441
1,G#2,34.37,34.579,0.209
1,A2,34.579,34.695,0.116
1,A#2,36.483,37.458,0.975
1,B2,37.458,37.899,0.441
1,F3,37.946,38.642,0.697
1,F#3,38.642,39.153,0.511
1,F3,39.153,39.919,0.766
1,D3,39.919,40.523,0.604
1,A#2,40.523,41.87,1.347
1,B2,41.87,44.122,2.252
1,B2,44.47,45.423,0.952
1,C3,45.423,45.562,0.139
1,B2,45.562,45.701,0.139
1,C3,45.701,45.864,0.163
1,F#3,45.887,46.491,0.604
1,G3,46.491,47.164,0.673
1,F#3,47.164,47.93,0.766
1,D#3,47.93,48.511,0.58
1,B2,48.534,49.556,1.022
1,B2,49.625,49.858,0.232
1,C3,49.858,50.972,1.115
1,C3,52.505,53.317,0.813
1,C#3,53.317,53.828,0.511
1,G3,53.828,55.941,2.113
1,E3,55.964,56.591,0.627
1,C3,56.591,57.752,1.161
1,C#3,57.845,59.053,1.207
1,C#3,60.492,61.653,1.161
1,G#3,61.816,62.977,1.161
1,G#3,63.163,63.975,0.813
1,F3,63.975,64.509,0.534
1,C#3,64.579,65.577,0.998
1,D3,65.856,67.017,1.161
1,D3,68.48,69.85,1.37
1,A3,69.896,70.755,0.859
1,A3,71.197,71.824,0.627
1,F#3,71.87,72.497,0.627
1,F#2,72.497,72.59,0.093
1,D3,72.59,73.821,1.231
1,D#3,73.821,75.121,1.3
1,D#3,76.491,77.791,1.3
1,A#3,77.838,79.068,1.231
1,A#3,79.138,79.881,0.743
1,C2,79.881,80.02,0.139
1,G3,80.02,80.508,0.488
1,D#3,80.554,81.576,1.022
1,E3,81.831,83.503,1.672
1,E3,84.478,85.802,1.324
1,E2,85.802,85.895,0.093
1,B3,85.895,87.938,2.043
1,C#2,87.938,88.054,0.116
1,G#3,88.054,88.542,0.488
1,E3,88.542,89.819,1.277
1,F3,89.819,91.491,1.672
1,F3,92.489,93.813,1.324
1,F2,93.813,93.952,0.139
1,C4,93.952,95.113,1.161
1,C4,95.16,95.879,0.72
1,F2,95.879,96.042,0.163
1,A3,96.042,96.135,0.093
1,D2,96.135,96.321,0.186
1,A3,96.321,96.483,0.163
1,F2,96.483,96.599,0.116
1,F3,96.599,97.83,1.231
1,F#3,97.83,99.734,1.904
1,F#3,100.477,101.801,1.324
1,F#2,101.801,101.893,0.093
1,C#4,101.893,102.799,0.906
1,C#4,103.147,103.844,0.697
1,A#3,103.89,104.541,0.65
1,F#2,104.541,104.68,0.139
1,F#3,104.68,105.841,1.161
1,G3,105.841,107.118,1.277
1,G3,108.488,109.811,1.324
1,G2,109.811,109.951,0.139
1,D4,109.951,110.647,0.697
1,D4,111.135,111.785,0.65
1,B3,111.832,112.528,0.697
1,G2,112.528,112.691,0.163
1,G3,112.691,113.712,1.022
1,G#3,113.829,114.827,0.998
1,G#3,116.499,117.59,1.091
1,D#4,117.822,119.076,1.254
1,D#4,119.146,119.889,0.743
1,C4,119.935,120.516,0.58
1,G#3,120.562,121.329,0.766
1,A3,121.886,122.629,0.743
1,A3,124.486,125.764,1.277
1,A2,125.856,126.019,0.163
1,E4,126.019,126.53,0.511
1,E4,127.157,127.784,0.627
1,C#4,127.807,128.504,0.697
1,C#3,128.504,128.596,0.093
1,A3,128.596,129.456,0.859
1,A#3,129.804,131.545,1.741
1,A#3,132.497,133.798,1.3
1,A#2,133.798,133.983,0.186
1,F4,133.983,134.657,0.673
1,F4,135.168,135.841,0.673
1,G2,135.841,135.98,0.139
1,D4,135.98,136.468,0.488
1,A#3,136.491,137.815,1.324
1,B3,137.815,139.487,1.672
1,B3,140.462,141.809,1.347
1,B2,141.809,141.925,0.116
1,F#4,141.925,143.086,1.161
1,F#4,143.155,143.829,0.673
1,D#4,143.875,144.479,0.604
1,E2,144.525,144.641,0.116
1,B3,144.641,145.826,1.184
1,C4,145.826,147.288,1.463
1,C4,148.473,149.773,1.3
1,G4,149.843,150.98,1.138
1,G4,151.143,151.84,0.697
1,C2,151.84,152.002,0.163
1,E4,152.002,152.35,0.348
1,C4,152.49,153.813,1.324
1,C#4,153.813,154.881,1.068
1,C#4,156.484,157.505,1.022
1,G#4,157.877,158.504,0.627
1,G#4,159.131,159.804,0.673
1,C#2,159.827,159.967,0.139
1,F4,159.967,160.477,0.511
1,C#4,160.593,161.406,0.813
1,D4,161.824,162.567,0.743
1,D4,164.494,165.237,0.743
1,A4,165.841,166.84,0.998
1,A4,167.142,167.815,0.673
1,F#4,167.885,168.488,0.604
1,D2,168.488,168.674,0.186
1,D4,168.674,169.231,0.557
1,D#4,169.835,171.228,1.393
1,D#4,172.459,173.829,1.37
1,D#3,173.829,173.922,0.093
1,A#4,173.922,174.897,0.975
1,A#4,175.129,175.803,0.673
1,G4,175.826,176.476,0.65
1,D#4,176.546,177.799,1.254
1,E4,177.799,178.217,0.418
1,E4,180.493,181.073,0.58
1,B4,181.863,182.188,0.325
1,B4,183.163,183.674,0.511
1,G#4,183.883,184.464,0.58
1,E2,184.487,184.603,0.116
1,E4,184.603,184.998,0.395
1,F4,185.834,186.786,0.952
1,F4,188.504,189.409,0.906
1,C5,189.944,190.361,0.418
1,C5,191.174,191.801,0.627
1,A4,191.848,192.474,0.627
1,F2,192.474,192.637,0.163
1,F4,192.637,193.357,0.72
1,E4,193.844,194.355,0.511
1,E4,196.468,197.095,0.627
1,B4,197.862,198.21,0.348
1,B4,199.162,199.673,0.511
1,G#4,199.858,200.485,0.627
1,E2,200.485,200.625,0.139
1,E4,200.625,200.996,0.372
1,D#4,201.832,203.202,1.37
1,D#4,204.433,205.78,1.347
1,D#3,205.803,205.896,0.093
1,A#4,205.919,206.848,0.929
1,A#4,207.15,207.8,0.65
1,G4,207.846,208.473,0.627
1,D#2,208.473,208.566,0.093
1,D#4,208.566,209.75,1.184
1,D4,209.797,210.516,0.72
1,D4,212.49,213.163,0.673
1,A4,213.814,214.789,0.975
1,A4,215.137,215.787,0.65
1,F#4,215.834,216.484,0.65
1,D2,216.484,216.646,0.163
1,D4,216.646,217.227,0.58
1,C#4,217.831,218.852,1.022
1,C#4,220.478,221.546,1.068
1,G#4,221.848,222.405,0.557
1,G#4,223.148,223.798,0.65
1,C#2,223.821,223.914,0.093
1,F4,223.914,224.472,0.557
1,C#4,224.564,225.493,0.929
1,C4,225.795,227.304,1.509
1,C4,228.465,229.766,1.3
1,G4,229.812,230.996,1.184
1,G4,231.089,231.832,0.743
1,C2,231.832,232.018,0.186
1,E4,232.018,232.227,0.209
1,C4,232.459,233.69,1.231
1,B3,233.806,235.455,1.649
1,B3,236.453,237.8,1.347
1,B2,237.8,237.893,0.093
1,F#4,237.893,239.054,1.161
1,F#4,239.123,239.82,0.697
1,D#4,239.866,240.47,0.604
1,B3,240.586,241.794,1.207
1,A#3,241.794,243.489,1.695
1,A#3,244.464,245.811,1.347
1,A#2,245.811,245.996,0.186
1,F4,245.996,246.693,0.697
1,F4,247.134,247.831,0.697
1,D4,247.924,248.435,0.511
1,A#3,248.481,249.828,1.347
1,A3,249.828,250.757,0.929
1,A3,252.498,253.543,1.045
1,E4,253.891,254.495,0.604
1,E4,255.145,255.749,0.604
1,C#4,255.795,256.492,0.697
1,A3,256.562,257.444,0.882
1,A4,257.444,257.537,0.093
1,G#3,257.815,258.953,1.138
1,G#3,260.486,261.67,1.184
1,D#4,261.809,263.086,1.277
1,D#4,263.11,263.876,0.766
1,C4,263.922,264.48,0.557
1,G#3,264.503,265.571,1.068
1,G3,265.803,267.173,1.37
1,G3,268.45,269.797,1.347
1,G2,269.797,269.983,0.186
1,D4,269.983,270.447,0.464
1,D4,271.12,271.747,0.627
1,B3,271.794,272.467,0.673
1,G2,272.467,272.653,0.186
1,G3,272.653,273.814,1.161
1,F#3,273.814,275.347,1.533
1,F#3,276.461,277.785,1.324
1,F#2,277.785,277.877,0.093
1,C#4,277.877,278.899,1.022
1,C#4,279.131,279.782,0.65
1,A#3,279.805,280.501,0.697
1,F#2,280.501,280.641,0.139
1,F#3,280.641,281.755,1.115
1,F3,281.802,283.729,1.927
1,F3,284.449,285.772,1.324
1,F2,285.772,285.888,0.116
1,C4,285.888,287.816,1.927
1,F2,287.816,287.955,0.139
1,A3,287.955,288.071,0.116
1,D2,288.071,288.164,0.093
1,A3,288.164,288.443,0.279
1,F2,288.443,288.582,0.139
1,F3,288.582,289.813,1.231
1,E3,289.813,291.531,1.718
1,E3,292.436,293.783,1.347
1,E2,293.783,293.876,0.093
1,B3,293.876,295.873,1.997
1,C#2,295.873,295.989,0.116
1,G#3,295.989,296.477,0.488
1,E3,296.477,297.8,1.324
1,D#3,297.8,298.961,1.161
1,D#3,300.47,301.771,1.3
1,A#3,301.817,303.071,1.254
1,A#3,303.118,303.837,0.72
1,C2,303.837,303.977,0.139
1,G3,303.977,304.441,0.464
1,D#3,304.511,305.556,1.045
1,D3,305.765,307.158,1.393
1,D3,308.458,309.828,1.37
1,A3,309.875,310.687,0.813
1,A3,311.152,311.802,0.65
1,F#3,311.825,312.452,0.627
1,F#2,312.452,312.545,0.093
1,D3,312.545,313.822,1.277
1,C#3,313.822,314.983,1.161
1,C#3,316.469,317.607,1.138
1,G#3,317.793,318.954,1.161
1,G#3,319.116,319.882,0.766
1,F3,319.975,320.463,0.488
1,C#3,320.533,321.554,1.022
1,C3,321.786,322.994,1.207
1,C3,324.457,325.711,1.254
1,G3,325.827,327.057,1.231
1,G3,327.127,327.87,0.743
1,E3,327.87,328.52,0.65
1,C3,328.52,329.565,1.045
1,B2,329.797,331.957,2.159
1,B2,332.421,333.791,1.37
1,F#3,333.791,335.788,1.997
1,D#3,335.834,336.415,0.58
1,B2,336.461,337.785,1.324
1,A#2,337.785,340.27,2.485
1,A#2,340.432,341.872,1.44
1,F3,341.872,343.033,1.161
1,F3,343.102,343.776,0.673
1,D3,343.822,344.426,0.604
1,A#2,344.449,347.305,2.856
1,F3,351.67,351.787,0.116
1,E3,351.787,351.926,0.139
1,F3,351.996,352.112,0.116
1,F#3,352.112,352.228,0.116
1,G3,352.228,352.344,0.116
1,G#3,352.344,352.483,0.139
1,F#3,352.506,352.739,0.232
1,F3,352.739,353.064,0.325
1,F3,353.133,353.226,0.093
1,C#3,353.226,353.366,0.139
1,A#2,353.366,353.551,0.186
1,F#3,353.644,353.807,0.163
1,D#3,353.83,354.016,0.186
1,F3,354.178,354.294,0.116
1,C3,355.2,355.409,0.209
2,D3,357.207,357.3,0.093
2,C#3,357.3,357.393,0.093
2,A#2,357.393,359.855,2.461
2,A#2,359.994,361.132,1.138
2,B2,361.132,361.364,0.232
2,A#2,361.364,361.573,0.209
2,A#3,361.573,363.105,1.533
2,A3,363.105,363.407,0.302
2,G3,363.454,363.779,0.325
2,F3,363.825,364.15,0.325
2,D#3,364.173,364.452,0.279
2,D3,364.452,364.824,0.372
2,C3,364.847,365.033,0.186
2,D3,365.079,365.427,0.348
2,A#2,365.451,366.728,1.277
2,B2,366.728,367.912,1.184
2,B2,368.051,369.259,1.207
2,C3,369.259,369.375,0.116
2,B2,369.375,369.537,0.163
2,B3,369.537,371.163,1.625
2,A#3,371.163,371.465,0.302
2,G#3,371.534,371.743,0.209
2,F#3,371.813,372.068,0.255
2,E3,372.115,372.463,0.348
2,D#3,372.463,372.834,0.372
2,C#3,372.834,373.067,0.232
2,D#3,373.113,373.438,0.325
2,B2,373.438,374.297,0.859
2,C3,374.297,374.622,0.325
2,C3,374.739,375.691,0.952
2,C3,376.085,377.13,1.045
2,C#3,377.13,377.386,0.255
2,C3,377.386,377.502,0.116
2,C4,377.502,379.15,1.649
2,B3,379.15,379.522,0.372
2,A3,379.591,379.777,0.186
2,G3,379.8,380.126,0.325
2,F3,380.149,380.427,0.279
2,E3,380.427,380.869,0.441
2,D3,380.869,381.054,0.186
2,E3,381.078,381.449,0.372
2,C3,381.472,382.703,1.231
2,C#3,382.773,383.585,0.813
2,C#3,384.096,384.955,0.859
2,C#4,385.396,386.232,0.836
2,C#4,386.697,387.138,0.441
2,C4,387.138,387.44,0.302
2,A#3,387.463,387.835,0.372
2,G#3,387.858,388.16,0.302
2,F#3,388.183,388.438,0.255
2,F3,388.438,388.856,0.418
2,D#3,388.903,389.088,0.186
2,F3,389.112,389.414,0.302
2,C#3,389.483,390.18,0.697
2,D3,390.691,391.596,0.906
2,D3,392.061,393.152,1.091
2,D3,393.384,393.477,0.093
2,D4,393.477,393.941,0.464
2,D4,394.708,395.102,0.395
2,C#4,395.102,395.451,0.348
2,B3,395.497,395.753,0.255
2,B2,395.753,395.845,0.093
2,G3,396.054,396.472,0.418
2,F#3,396.472,396.844,0.372
2,E3,396.844,397.099,0.255
2,F#3,397.099,397.378,0.279
2,F#2,397.378,397.471,0.093
2,D3,397.471,398.237,0.766
2,D#3,398.725,399.491,0.766
2,D#3,400.048,401.07,1.022
2,D#4,401.465,402.51,1.045
2,D#4,402.719,403.206,0.488
2,D4,403.206,403.462,0.255
2,C4,403.485,403.74,0.255
2,A#3,403.787,404.181,0.395
2,G#3,404.228,404.39,0.163
2,G3,404.39,404.855,0.464
2,F3,404.878,405.041,0.163
2,G3,405.064,405.389,0.325
2,D#3,405.435,405.9,0.464
2,E3,406.712,407.897,1.184
2,E3,408.106,409.197,1.091
2,E3,409.406,409.522,0.116
2,E4,409.522,409.94,0.418
2,E4,410.776,411.124,0.348
2,D#4,411.124,411.449,0.325
2,C#4,411.496,411.774,0.279
2,B3,411.821,412.099,0.279
2,A3,412.169,412.355,0.186
2,G#3,412.448,412.796,0.348
2,F#3,412.842,413.075,0.232
2,G#3,413.121,413.446,0.325
2,E3,413.446,414.421,0.975
2,F3,414.723,415.954,1.231
2,F3,416.07,417.603,1.533
2,F4,417.603,417.904,0.302
2,F4,418.764,419.205,0.441
2,E4,419.205,419.437,0.232
2,C4,419.762,420.064,0.302
2,A#3,420.11,420.528,0.418
2,A3,420.528,420.807,0.279
2,G3,420.807,421.132,0.325
2,A3,421.132,421.248,0.116
2,F2,421.411,421.504,0.093
2,F3,421.504,422.734,1.231
2,F#3,422.734,423.895,1.161
2,F#3,424.058,425.497,1.44
2,F#4,425.497,426.333,0.836
2,F#4,426.705,427.146,0.441
2,F4,427.146,427.448,0.302
2,D#4,427.471,427.773,0.302
2,C#4,427.819,428.098,0.279
2,B3,428.144,428.423,0.279
2,A#3,428.423,428.864,0.441
2,G#3,428.911,429.096,0.186
2,A#3,429.12,429.422,0.302
2,F#2,429.422,429.584,0.163
2,F#3,429.584,430.606,1.022
2,G3,430.745,431.883,1.138
2,G3,432.045,433.322,1.277
2,G4,433.415,434.251,0.836
2,G4,434.716,435.203,0.488
2,F#4,435.203,435.482,0.279
2,D4,435.853,436.086,0.232
2,C4,436.109,436.434,0.325
2,B3,436.434,436.852,0.418
2,B3,437.014,437.432,0.418
2,G2,437.432,437.549,0.116
2,G3,437.549,438.431,0.882
2,G#3,438.733,439.429,0.697
2,G#3,440.056,440.869,0.813
2,G#4,441.403,441.867,0.464
2,G#4,442.796,442.982,0.186
2,G4,443.075,443.446,0.372
2,F4,443.493,443.771,0.279
2,D#4,443.818,444.073,0.255
2,C#4,444.143,444.422,0.279
2,C4,444.422,444.793,0.372
2,A#3,444.863,445.025,0.163
2,C4,445.095,445.397,0.302
2,G#3,445.467,446.093,0.627
2,A3,446.836,447.045,0.209
2,A3,448.137,448.601,0.464
2,A4,449.414,450.18,0.766
2,A4,450.737,451.202,0.464
2,G#4,451.202,451.434,0.232
2,F#4,451.457,451.829,0.372
2,E4,451.875,452.084,0.209
2,D4,452.107,452.386,0.279
2,C#4,452.386,452.804,0.418
2,B3,452.874,453.036,0.163
2,C#4,453.083,453.431,0.348
2,C#3,453.431,453.547,0.116
2,A3,453.547,453.965,0.418
2,A#3,454.731,455.985,1.254
2,A#3,456.055,457.448,1.393
2,A#4,457.448,458.354,0.906
2,A#4,458.725,459.143,0.418
2,A4,459.143,459.422,0.279
2,G4,459.445,459.747,0.302
2,F4,459.793,460.095,0.302
2,D#4,460.118,460.49,0.372
2,D4,460.49,460.815,0.325
2,C4,460.861,461.07,0.209
2,D4,461.094,461.372,0.279
2,A#3,461.419,462.626,1.207
2,B3,462.696,463.95,1.254
2,B3,464.042,465.575,1.533
2,B4,466.806,467.015,0.209
2,A#4,467.131,467.525,0.395
2,F#4,467.758,468.129,0.372
2,E4,468.152,468.385,0.232
2,D#4,468.385,468.779,0.395
2,C#4,468.849,469.058,0.209
2,D#4,469.104,469.383,0.279
2,E2,469.453,469.569,0.116
2,B3,469.569,470.567,0.998
2,C4,470.73,471.821,1.091
2,C4,472.03,473.563,1.533
2,C5,473.563,473.795,0.232
2,C5,474.77,475.049,0.279
2,A4,475.513,475.722,0.209
2,G4,475.769,476.094,0.325
2,F4,476.163,476.442,0.279
2,E4,476.442,476.744,0.302
2,E4,477.069,477.348,0.279
2,C2,477.348,477.44,0.093
2,C4,477.44,478.601,1.161
2,C#4,478.717,479.553,0.836
2,C#4,480.041,481.016,0.975
2,C#5,481.504,481.713,0.209
2,C5,483.245,483.338,0.093
2,A#4,483.454,483.803,0.348
2,G#4,483.849,484.058,0.209
2,F#4,484.105,484.43,0.325
2,F4,484.43,484.778,0.348
2,D#4,484.824,485.057,0.232
2,F4,485.103,485.358,0.255
2,C#3,485.405,485.498,0.093
2,C#4,485.498,486.264,0.766
2,D4,486.705,487.262,0.557
2,D4,488.075,488.609,0.534
2,D5,489.422,489.677,0.255
2,D5,490.815,490.908,0.093
2,A4,491.79,492.046,0.255
2,G4,492.069,492.464,0.395
2,F#4,492.464,492.858,0.395
2,E4,492.905,493.021,0.116
2,F#4,493.067,493.369,0.302
2,D2,493.369,493.555,0.186
2,D4,493.555,493.88,0.325
2,C#4,494.716,495.645,0.929
2,C#4,496.063,496.968,0.906
2,C#5,497.502,497.642,0.139
2,A#4,499.453,499.824,0.372
2,G#4,499.871,500.033,0.163
2,F#4,500.126,500.428,0.302
2,F4,500.428,500.8,0.372
2,D#4,500.846,501.055,0.209
2,F4,501.102,501.357,0.255
2,C#3,501.403,501.519,0.116
2,C#4,501.519,502.263,0.743
2,C4,502.704,503.888,1.184
2,C4,504.05,505.583,1.533
2,C5,505.583,505.676,0.093
2,C5,506.79,506.999,0.209
2,A4,507.487,507.719,0.232
2,G4,507.766,508.091,0.325
2,F4,508.16,508.462,0.302
2,E4,508.462,508.764,0.302
2,D4,508.834,509.043,0.209
2,E4,509.066,509.368,0.302
2,C2,509.368,509.484,0.116
2,C4,509.484,510.343,0.859
2,B3,510.738,511.69,0.952
2,B3,512.038,513.269,1.231
2,B3,513.431,513.547,0.116
2,A#4,515.126,515.451,0.325
2,F#4,515.753,516.125,0.372
2,E4,516.171,516.403,0.232
2,D#4,516.403,516.775,0.372
2,C#4,516.845,517.054,0.209
2,D#4,517.077,517.379,0.302
2,E2,517.448,517.564,0.116
2,B3,517.564,518.633,1.068
2,A#3,518.725,519.933,1.207
2,A#3,520.026,521.442,1.416
2,A#4,521.442,522.255,0.813
2,A#4,522.719,523.16,0.441
2,A4,523.16,523.416,0.255
2,G4,523.439,523.764,0.325
2,F4,523.834,524.112,0.279
2,D#4,524.136,524.507,0.372
2,D4,524.507,524.716,0.209
2,C4,524.832,525.065,0.232
2,D4,525.111,525.343,0.232
2,A#3,525.413,526.295,0.882
2,A3,526.76,527.038,0.279
2,A3,528.153,528.408,0.255
2,A4,529.407,530.08,0.673
2,A4,530.73,531.171,0.441
2,G#4,531.171,531.334,0.163
2,F#4,531.45,531.798,0.348
2,E4,531.845,532.03,0.186
2,D4,532.077,532.402,0.325
2,C#4,532.402,532.774,0.372
2,B3,532.843,533.052,0.209
2,C#4,533.099,533.424,0.325
2,C#3,533.424,533.517,0.093
2,A3,533.54,533.679,0.139
2,G#3,534.724,535.328,0.604
2,G#3,536.048,536.883,0.836
2,G#4,537.487,537.743,0.255
2,G#4,538.718,539.113,0.395
2,G4,539.113,539.461,0.348
2,F4,539.507,539.786,0.279
2,D#4,539.832,540.111,0.279
2,C#4,540.181,540.436,0.255
2,C4,540.436,540.808,0.372
2,A#3,540.854,541.04,0.186
2,C4,541.063,541.388,0.325
2,C2,541.388,541.481,0.093
2,G#3,541.527,541.922,0.395
2,G3,542.712,543.896,1.184
2,G3,544.035,545.057,1.022
2,G4,545.428,546.357,0.929
2,G4,546.682,547.123,0.441
2,F#4,547.123,547.495,0.372
2,D4,547.774,548.052,0.279
2,C4,548.075,548.401,0.325
2,B3,548.401,548.911,0.511
2,B3,549.097,549.399,0.302
2,G2,549.399,549.538,0.139
2,G3,549.538,550.374,0.836
2,F#3,550.723,551.767,1.045
2,F#3,552.046,553.439,1.393
2,F#4,553.439,554.368,0.929
2,F#4,554.716,555.158,0.441
2,F4,555.158,555.413,0.255
2,D#4,555.459,555.761,0.302
2,C#4,555.808,556.086,0.279
2,B3,556.133,556.458,0.325
2,A#3,556.458,556.806,0.348
2,G#3,556.853,557.038,0.186
2,A#3,557.062,557.41,0.348
2,F#2,557.41,557.572,0.163
2,F#3,557.572,558.548,0.975
2,F3,558.687,559.894,1.207
2,F3,560.057,561.311,1.254
2,F3,561.381,561.613,0.232
2,F4,561.613,561.938,0.325
2,F4,562.727,563.192,0.464
2,E4,563.192,563.401,0.209
2,C4,563.749,564.051,0.302
2,A#3,564.12,564.538,0.418
2,G3,564.747,565.119,0.372
2,F3,565.49,566.396,0.906
2,E3,566.721,567.696,0.975
2,E3,568.045,569.09,1.045
2,E3,569.391,569.508,0.116
2,E4,569.508,569.856,0.348
2,E4,570.785,571.11,0.325
2,D#4,571.11,571.435,0.325
2,C#4,571.481,571.76,0.279
2,B3,571.806,572.131,0.325
2,G#3,572.41,572.782,0.372
2,F#3,572.805,573.06,0.255
2,G#3,573.083,573.432,0.348
2,E3,573.432,574.128,0.697
2,D#3,574.709,575.452,0.743
2,D#3,576.056,576.775,0.72
2,D#4,577.402,578.447,1.045
2,D#4,578.703,579.167,0.464
2,D4,579.167,579.376,0.209
2,C4,579.446,579.701,0.255
2,A#3,579.748,580.119,0.372
2,G#3,580.165,580.398,0.232
2,G3,580.398,580.862,0.464
2,F3,580.885,581.025,0.139
2,G3,581.048,581.396,0.348
2,D#3,581.443,582.0,0.557
2,D3,582.743,583.602,0.859
2,D3,584.043,584.833,0.789
2,D4,585.436,585.738,0.302
2,D4,586.713,587.108,0.395
2,C#4,587.108,587.433,0.325
2,B3,587.48,587.805,0.325
2,B2,587.805,587.898,0.093
2,G3,588.06,588.501,0.441
2,F#3,588.501,588.827,0.325
2,E3,588.85,589.059,0.209
2,F#3,589.082,589.361,0.279
2,D3,589.43,590.104,0.673
2,C#3,590.754,591.45,0.697
2,C#3,592.054,592.983,0.929
2,C#4,593.378,594.167,0.789
2,C#4,594.701,595.212,0.511
2,C4,595.212,595.398,0.186
2,A#3,595.421,595.792,0.372
2,G#3,595.816,596.071,0.255
2,F#3,596.118,596.443,0.325
2,F3,596.443,596.791,0.348
2,D#3,596.837,597.07,0.232
2,F3,597.093,597.371,0.279
2,F2,597.371,597.464,0.093
2,C#3,597.464,597.998,0.534
2,C3,598.718,599.601,0.882
2,C3,600.042,600.971,0.929
2,C4,601.435,602.549,1.115
2,C4,602.689,603.13,0.441
2,B3,603.13,603.478,0.348
2,G3,603.71,604.128,0.418
2,F3,604.128,604.407,0.279
2,E3,604.407,604.848,0.441
2,D3,604.871,605.08,0.209
2,E3,605.08,605.406,0.325
2,C3,605.429,606.149,0.72
2,B2,606.683,607.983,1.3
2,B2,608.053,609.446,1.393
2,B3,609.446,610.56,1.115
2,B3,610.7,611.141,0.441
2,A#3,611.141,611.489,0.348
2,G#3,611.536,611.745,0.209
2,F#3,611.768,612.093,0.325
2,E3,612.116,612.418,0.302
2,D#3,612.418,612.813,0.395
2,C#3,612.813,613.045,0.232
2,D#3,613.045,613.393,0.348
2,B2,613.393,614.717,1.324
2,A#2,614.717,617.55,2.833
2,A#3,617.55,618.548,0.998
2,A#3,618.711,619.268,0.557
2,G3,619.407,619.779,0.372
2,F3,619.802,620.081,0.279
2,D#3,620.081,620.429,0.348
2,D3,620.429,620.847,0.418
2,C3,620.87,621.056,0.186
2,D3,621.056,621.358,0.302
2,A#2,621.381,623.587,2.206
2,E3,628.997,629.229,0.232
2,D#3,629.229,629.322,0.093
2,C#3,629.322,629.485,0.163
2,D3,629.972,630.274,0.302
2,B2,631.156,631.528,0.372
3,C#3,633.2,633.409,0.209
3,D3,633.85,633.966,0.116
3,A#2,636.056,636.288,0.232
3,B2,636.544,636.66,0.116
3,A#2,637.31,637.449,0.139
3,A2,637.449,637.565,0.116
3,A#2,639.794,640.63,0.836
3,D3,640.63,641.002,0.372
3,D#3,641.002,641.141,0.139
3,F3,641.141,641.814,0.673
3,D3,641.814,642.488,0.673
3,A#2,642.488,642.813,0.325
3,C#3,642.883,643.045,0.163
3,D3,643.045,643.417,0.372
3,D#3,643.417,643.858,0.441
3,F3,643.858,644.09,0.232
3,D#3,644.113,644.508,0.395
3,D3,644.508,644.879,0.372
3,C#3,644.879,645.112,0.232
3,A#2,645.135,645.855,0.72
3,C#3,645.855,646.528,0.673
3,F3,646.528,647.178,0.65
3,C#3,647.178,647.828,0.65
3,A#2,647.828,648.153,0.325
3,C3,648.153,648.27,0.116
3,C#3,648.27,648.78,0.511
3,D#3,648.78,649.129,0.348
3,F3,649.152,649.454,0.302
3,D#3,649.477,649.872,0.395
3,D3,649.872,650.081,0.209
3,C#3,650.081,650.197,0.116
3,C3,650.197,650.475,0.279
3,A#2,650.475,651.219,0.743
3,B2,651.219,651.544,0.325
3,A#2,651.544,651.776,0.232
3,B2,651.776,652.867,1.091
3,B2,653.123,653.842,0.72
3,D#2,653.866,653.958,0.093
3,D#3,653.958,654.423,0.464
3,F#3,654.446,655.166,0.72
3,D#3,655.166,655.816,0.65
3,B2,655.816,656.118,0.302
3,C#3,656.118,656.42,0.302
3,D#3,656.42,656.768,0.348
3,E3,656.768,657.14,0.372
3,F#3,657.186,657.465,0.279
3,E3,657.488,657.813,0.325
3,D#3,657.813,658.185,0.372
3,C#3,658.185,658.51,0.325
3,B2,658.51,659.113,0.604
3,D3,659.113,659.763,0.65
3,F#3,659.81,660.507,0.697
3,D3,660.553,661.157,0.604
3,B2,661.157,661.482,0.325
3,C#3,661.482,661.784,0.302
3,D3,661.784,662.109,0.325
3,E3,662.178,662.527,0.348
3,F#3,662.55,662.805,0.255
3,E3,662.829,663.177,0.348
3,D3,663.223,663.548,0.325
3,C#3,663.548,663.827,0.279
3,B2,663.85,664.825,0.975
3,C3,665.174,665.777,0.604
3,C3,666.474,667.124,0.65
3,E3,667.124,667.751,0.627
3,G3,667.774,668.517,0.743
3,E3,668.541,669.214,0.673
3,C3,669.214,669.423,0.209
3,D3,669.446,669.794,0.348
3,E3,669.818,670.166,0.348
3,F3,670.166,670.421,0.255
3,G3,670.491,670.839,0.348
3,F3,670.863,671.164,0.302
3,E3,671.164,671.466,0.302
3,D3,671.49,671.838,0.348
3,C3,671.838,672.418,0.58
3,D#3,672.442,673.069,0.627
3,G3,673.115,673.812,0.697
3,D#2,673.812,673.904,0.093
3,D#3,673.904,674.392,0.488
3,C3,674.508,674.81,0.302
3,D3,674.81,675.112,0.302
3,D#3,675.112,675.46,0.348
3,F3,675.483,675.762,0.279
3,G3,675.832,676.18,0.348
3,F3,676.203,676.459,0.255
3,D#3,676.505,676.784,0.279
3,D3,676.784,677.109,0.325
3,C3,677.155,678.014,0.859
3,C#3,678.479,678.99,0.511
3,C#3,679.826,680.499,0.673
3,F2,680.499,680.638,0.139
3,F3,680.638,680.987,0.348
3,G#3,681.103,681.73,0.627
3,F3,681.846,682.217,0.372
3,C#3,682.519,682.798,0.279
3,D#3,682.798,683.146,0.348
3,F3,683.216,683.471,0.255
3,F#3,683.471,683.819,0.348
3,G#3,683.843,684.168,0.325
3,F#3,684.214,684.516,0.302
3,F3,684.586,684.748,0.163
3,D#3,684.818,685.027,0.209
3,C#3,685.213,685.422,0.209
3,E3,685.793,686.466,0.673
3,G#3,686.466,687.0,0.534
3,E3,687.117,687.86,0.743
3,C#3,687.86,688.138,0.279
3,D#3,688.138,688.37,0.232
3,E3,688.533,688.812,0.279
3,F#3,688.835,689.16,0.325
3,G#3,689.183,689.531,0.348
3,F#3,689.555,689.88,0.325
3,E3,689.88,690.066,0.186
3,D#3,690.135,690.437,0.302
3,C#3,690.553,690.762,0.209
3,D3,691.807,692.434,0.627
3,D3,693.131,693.804,0.673
3,F#2,693.804,693.966,0.163
3,F#3,693.966,694.524,0.557
3,A3,694.547,694.709,0.163
3,F#3,695.104,695.754,0.65
3,F#2,695.754,695.87,0.116
3,D3,695.87,696.196,0.325
3,E3,696.196,696.451,0.255
3,F#3,696.474,696.799,0.325
3,G3,696.799,697.24,0.441
3,A3,697.24,697.333,0.093
3,G3,697.449,697.867,0.418
3,F#3,697.867,698.169,0.302
3,E3,698.169,698.448,0.279
3,D3,698.448,699.145,0.697
3,F2,699.145,699.284,0.139
3,F3,699.284,699.679,0.395
3,A3,699.841,700.05,0.209
3,F2,700.491,700.584,0.093
3,F3,700.584,701.095,0.511
3,D3,701.141,701.559,0.418
3,E3,701.559,701.838,0.279
3,F3,701.838,702.14,0.302
3,G3,702.14,702.535,0.395
3,A3,702.558,702.651,0.093
3,G3,702.883,703.254,0.372
3,F3,703.254,703.417,0.163
3,E3,703.51,703.789,0.279
3,D3,703.789,704.369,0.58
3,D#3,705.112,705.6,0.488
3,D#3,706.436,706.993,0.557
3,G3,707.109,707.736,0.627
3,A#3,707.806,708.456,0.65
3,C2,708.456,708.595,0.139
3,G3,708.595,709.059,0.464
3,D#3,709.152,709.57,0.418
3,F3,709.57,709.756,0.186
3,G3,709.756,710.174,0.418
3,G#3,710.174,710.499,0.325
3,A#3,710.522,710.847,0.325
3,G#3,710.871,711.172,0.302
3,G3,711.172,711.451,0.279
3,G2,711.451,711.544,0.093
3,F2,711.567,711.683,0.116
3,D#3,711.776,712.217,0.441
3,F#2,712.426,712.519,0.093
3,F#3,712.519,713.1,0.58
3,F#2,713.1,713.216,0.116
3,A#3,713.216,713.82,0.604
3,F#2,713.82,713.959,0.139
3,F#3,713.959,714.4,0.441
3,D#3,714.446,714.888,0.441
3,F3,714.888,715.05,0.163
3,F#3,715.12,715.468,0.348
3,G#3,715.515,715.84,0.325
3,A#3,715.84,716.188,0.348
3,G#3,716.188,716.513,0.325
3,F#3,716.513,716.861,0.348
3,F3,716.861,717.094,0.232
3,D#3,717.094,717.581,0.488
3,E3,718.487,719.09,0.604
3,E3,719.787,720.484,0.697
3,G#3,720.484,720.948,0.464
3,B3,721.087,721.83,0.743
3,C#2,721.854,721.993,0.139
3,G#3,721.993,722.388,0.395
3,E3,722.527,722.829,0.302
3,F#3,722.829,723.131,0.302
3,G#3,723.154,723.479,0.325
3,A3,723.479,723.572,0.093
3,B3,723.758,724.199,0.441
3,A3,724.199,724.315,0.116
3,G#3,724.454,724.826,0.372
3,F#3,724.849,725.128,0.279
3,E3,725.128,725.755,0.627
3,G3,725.755,726.405,0.65
3,B3,726.451,727.125,0.673
3,G2,727.125,727.334,0.209
3,G3,727.334,727.751,0.418
3,C2,727.751,727.844,0.093
3,E3,727.844,728.169,0.325
3,F#3,728.193,728.448,0.255
3,G3,728.448,728.889,0.441
3,B3,729.121,729.539,0.418
3,G3,729.818,730.166,0.348
3,F#3,730.166,730.468,0.302
3,E3,730.491,730.956,0.464
3,F3,731.815,732.535,0.72
3,F3,733.162,733.765,0.604
3,F2,733.765,733.905,0.139
3,A3,733.905,734.091,0.186
3,F2,734.416,734.509,0.093
3,C4,734.509,735.089,0.58
3,F2,735.089,735.205,0.116
3,A3,735.205,735.461,0.255
3,F3,735.878,736.111,0.232
3,G3,736.111,736.436,0.325
3,A#3,736.784,737.156,0.372
3,C4,737.179,737.411,0.232
3,A#3,737.457,737.875,0.418
3,G3,738.224,738.479,0.255
3,F3,738.479,739.06,0.58
3,G#3,739.06,739.71,0.65
3,C4,739.779,740.406,0.627
3,C#2,740.476,740.569,0.093
3,G#3,740.569,740.894,0.325
3,F3,741.196,741.474,0.279
3,G3,741.474,741.823,0.348
3,G#3,741.823,742.125,0.302
3,A#3,742.125,742.496,0.372
3,C4,742.519,742.775,0.255
3,A#3,742.821,743.17,0.348
3,G#3,743.216,743.471,0.255
3,G3,743.471,743.843,0.372
3,F2,743.843,743.959,0.116
3,F3,743.959,744.47,0.511
3,F#3,745.074,746.095,1.022
3,F#3,746.444,747.094,0.65
3,F#2,747.094,747.21,0.116
3,A#3,747.21,747.744,0.534
3,F#2,747.79,747.906,0.116
3,C#4,747.906,748.394,0.488
3,A#3,748.464,749.16,0.697
3,F#2,749.16,749.3,0.139
3,F#3,749.3,749.485,0.186
3,G#3,749.509,749.741,0.232
3,A#3,749.764,750.089,0.325
3,B3,750.089,750.484,0.395
3,C#4,750.53,750.762,0.232
3,B3,750.832,751.18,0.348
3,A#3,751.18,751.506,0.325
3,G#3,751.506,751.807,0.302
3,F#3,751.831,752.481,0.65
3,C#4,753.131,753.711,0.58
3,A3,753.92,754.013,0.093
3,F#3,754.501,754.803,0.302
3,G#3,754.826,755.105,0.279
3,B3,755.43,755.778,0.348
3,C#4,755.848,756.103,0.255
3,B3,756.126,756.591,0.464
3,G#3,756.776,757.171,0.395
3,F#3,757.171,757.914,0.743
3,G3,758.402,759.168,0.766
3,G3,759.772,760.422,0.65
3,B3,760.445,761.165,0.72
3,G2,761.188,761.304,0.116
3,B3,761.769,762.465,0.697
3,G2,762.465,762.581,0.116
3,G3,762.581,762.814,0.232
3,B3,763.162,763.464,0.302
3,C4,763.464,763.812,0.348
3,C4,764.114,764.462,0.348
3,B3,764.462,764.834,0.372
3,G3,765.112,765.693,0.58
3,A#3,765.786,766.436,0.65
3,D3,766.482,766.645,0.163
3,A#3,767.109,767.806,0.697
3,C2,767.806,767.899,0.093
3,G3,767.899,768.154,0.255
3,A#3,768.479,768.851,0.372
3,C2,768.874,768.967,0.093
3,C4,768.967,769.129,0.163
3,C4,769.455,769.756,0.302
3,A#3,769.826,770.105,0.279
3,G3,770.43,771.01,0.58
3,G#3,771.777,772.357,0.58
3,G#3,773.1,773.75,0.65
3,C4,773.866,774.424,0.557
3,D#4,774.447,775.143,0.697
3,C4,775.213,775.538,0.325
3,G#3,775.794,776.142,0.348
3,A#3,776.142,776.49,0.348
3,C4,776.56,776.792,0.232
3,C#4,776.792,777.117,0.325
3,D#4,777.164,777.465,0.302
3,C#4,777.535,777.837,0.302
3,C4,777.837,778.116,0.279
3,A#3,778.208,778.371,0.163
3,G#3,778.441,778.998,0.557
3,B3,779.091,779.741,0.65
3,D#3,779.764,779.904,0.139
3,D#4,779.904,780.391,0.488
3,B3,780.507,781.134,0.627
3,C#2,781.134,781.25,0.116
3,G#3,781.25,781.506,0.255
3,A#3,781.506,781.784,0.279
3,B3,781.784,782.133,0.348
3,C#4,782.179,782.434,0.255
3,D#4,782.458,782.852,0.395
3,D4,782.852,782.969,0.116
3,C#4,782.969,783.108,0.139
3,B3,783.154,783.433,0.279
3,A#3,783.503,783.804,0.302
3,G#3,783.804,784.246,0.441
3,A3,786.475,787.032,0.557
3,C#3,787.055,787.218,0.163
3,C#4,787.218,787.682,0.464
3,E4,787.845,787.984,0.139
3,C#4,788.425,789.052,0.627
3,A3,789.168,789.424,0.255
3,B2,789.47,789.586,0.116
3,B3,789.586,789.818,0.232
3,C#4,789.865,790.144,0.279
3,D4,790.144,790.329,0.186
3,D4,790.794,791.003,0.209
3,C#4,791.142,791.467,0.325
3,B3,791.49,791.862,0.372
3,A3,791.862,792.187,0.325
3,F2,792.419,792.535,0.116
3,C4,792.535,793.069,0.534
3,C2,793.069,793.278,0.209
3,C4,793.766,794.439,0.673
3,A3,794.602,794.695,0.093
3,B2,794.788,794.904,0.116
3,B3,794.904,795.182,0.279
3,C4,795.182,795.484,0.302
3,D4,795.507,795.647,0.139
3,C4,796.529,796.808,0.279
3,B3,796.808,797.156,0.348
3,A3,797.156,797.365,0.209
3,A#3,798.456,799.315,0.859
3,A#3,799.78,800.453,0.673
3,D3,800.523,800.662,0.139
3,F4,801.15,801.405,0.255
3,D4,801.87,802.032,0.163
3,A#3,802.497,802.845,0.348
3,C4,802.845,803.1,0.255
3,D#4,803.425,803.82,0.395
3,F4,803.89,803.983,0.093
3,D#4,804.099,804.54,0.441
3,C4,804.819,805.097,0.279
3,A#3,805.12,805.747,0.627
3,F#2,805.771,805.887,0.116
3,C#4,805.887,806.397,0.511
3,C#2,806.421,806.606,0.186
3,C#4,807.164,807.744,0.58
3,A#3,807.814,808.162,0.348
3,C4,808.185,808.441,0.255
3,C#4,808.441,808.789,0.348
3,D#4,808.812,809.114,0.302
3,D#2,809.114,809.207,0.093
3,F4,809.207,809.323,0.116
3,D#4,809.439,809.834,0.395
3,C#4,809.904,810.136,0.232
3,C4,810.136,810.415,0.279
3,A#3,810.461,811.158,0.697
3,B3,811.738,812.667,0.929
3,B3,813.108,813.758,0.65
3,D#3,813.805,813.967,0.163
3,D#4,813.967,814.432,0.464
3,F#4,814.455,815.105,0.65
3,D#4,815.151,815.778,0.627
3,E2,815.848,815.941,0.093
3,B3,815.941,816.15,0.209
3,C#4,816.196,816.452,0.255
3,D#4,816.475,816.87,0.395
3,E4,816.87,816.963,0.093
3,F#4,817.125,817.473,0.348
3,D#4,817.798,818.124,0.325
3,C#4,818.17,818.425,0.255
3,B3,818.449,819.192,0.743
3,F#4,819.772,820.422,0.65
3,D2,820.422,820.631,0.209
3,B3,821.119,821.49,0.372
3,C#4,821.537,821.816,0.279
3,F#4,822.442,822.814,0.372
3,C#4,823.464,823.766,0.302
3,B3,823.812,824.741,0.929
3,C4,825.09,825.925,0.836
3,C4,826.413,827.086,0.673
3,C2,827.086,827.249,0.163
3,G4,827.76,828.456,0.697
3,C4,829.13,829.525,0.395
3,G4,830.453,830.802,0.348
3,F4,830.895,831.011,0.116
3,C4,831.754,832.357,0.604
3,D#4,832.404,833.077,0.673
3,D#2,833.077,833.193,0.116
3,G4,833.193,833.751,0.557
3,D#2,833.751,833.867,0.116
3,D#4,833.867,834.47,0.604
3,C4,834.517,834.842,0.325
3,D#4,835.097,835.446,0.348
3,D#2,835.446,835.539,0.093
3,F4,835.539,835.631,0.093
3,G4,835.771,836.119,0.348
3,F#4,836.119,836.212,0.093
3,F4,836.212,836.305,0.093
3,D#4,836.491,836.862,0.372
3,D4,836.862,836.955,0.093
3,C4,837.117,837.675,0.557
3,B3,838.418,839.3,0.882
3,B3,839.741,840.391,0.65
3,D#3,840.438,840.577,0.139
3,D#4,840.577,841.065,0.488
3,F#4,841.135,841.761,0.627
3,D#4,841.831,842.412,0.58
3,B3,842.481,842.853,0.372
3,C#4,842.899,843.108,0.209
3,D#4,843.131,843.549,0.418
3,F#4,843.782,844.176,0.395
3,D#4,844.455,844.78,0.325
3,C#4,844.85,845.082,0.232
3,B3,845.128,845.802,0.673
3,G2,845.802,845.941,0.139
3,F#4,846.405,847.079,0.673
3,D2,847.079,847.311,0.232
3,B3,847.775,848.124,0.348
3,C#4,848.193,848.495,0.302
3,F#4,849.099,849.47,0.372
3,C#4,850.121,850.399,0.279
3,B3,850.446,851.375,0.929
3,A#3,851.769,852.698,0.929
3,A#3,853.116,853.743,0.627
3,D3,853.813,853.998,0.186
3,F4,854.509,854.672,0.163
3,A#3,855.833,856.158,0.325
3,C4,856.158,856.413,0.255
3,D#4,856.762,857.156,0.395
3,D#4,857.435,857.946,0.511
3,C4,858.108,858.41,0.302
3,A#3,858.433,859.037,0.604
3,F#2,859.084,859.176,0.093
3,C#4,859.176,859.664,0.488
3,C#2,859.78,859.919,0.139
3,C#4,860.523,860.918,0.395
3,A#3,861.15,861.498,0.348
3,C4,861.498,861.754,0.255
3,C#4,861.777,862.079,0.302
3,D#4,862.125,862.474,0.348
3,D#2,862.474,862.567,0.093
3,D#4,862.752,863.17,0.418
3,C#4,863.24,863.472,0.232
3,C4,863.472,863.751,0.279
3,A#3,863.797,864.378,0.58
3,A3,865.144,865.492,0.348
3,A3,866.468,867.048,0.58
3,C#3,867.094,867.28,0.186
3,C#4,867.28,867.605,0.325
3,C#4,868.418,869.115,0.697
3,A3,869.184,869.463,0.279
3,B2,869.463,869.579,0.116
3,B3,869.579,869.788,0.209
3,C#4,869.811,870.159,0.348
3,D4,870.159,870.299,0.139
3,D4,870.81,870.949,0.139
3,C#4,871.111,871.437,0.325
3,B3,871.483,871.831,0.348
3,A3,871.855,872.04,0.186
3,F2,872.435,872.528,0.093
3,C4,872.528,873.016,0.488
3,C2,873.085,873.294,0.209
3,C4,873.759,874.455,0.697
3,B3,874.78,875.152,0.372
3,C4,875.152,875.43,0.279
3,C4,876.522,876.8,0.279
3,B3,876.8,877.102,0.302
3,G#3,878.449,879.006,0.557
3,G#3,879.749,880.399,0.65
3,C4,880.446,881.073,0.627
3,D#4,881.096,881.769,0.673
3,C4,881.816,882.234,0.418
3,G#3,882.466,882.814,0.348
3,A#3,882.814,883.139,0.325
3,C4,883.186,883.441,0.255
3,C#4,883.441,883.79,0.348
3,D#4,883.813,884.138,0.325
3,C#4,884.208,884.486,0.279
3,C4,884.486,884.788,0.302
3,A#3,884.834,885.043,0.209
3,G#3,885.113,885.67,0.557
3,B3,885.74,886.39,0.65
3,D#3,886.437,886.576,0.139
3,D#4,886.576,887.064,0.488
3,B3,887.18,887.76,0.58
3,C#2,887.83,887.946,0.116
3,G#3,887.946,888.132,0.186
3,A#3,888.132,888.434,0.302
3,B3,888.434,888.759,0.325
3,C#4,888.805,889.107,0.302
3,D#4,889.153,889.455,0.302
3,D4,889.455,889.548,0.093
3,C#4,889.548,889.804,0.255
3,B3,889.85,890.105,0.255
3,A#3,890.198,890.477,0.279
3,G#3,890.477,890.848,0.372
3,G3,891.731,892.497,0.766
3,G3,893.078,893.705,0.627
3,B3,893.751,894.471,0.72
3,G2,894.471,894.61,0.139
3,D4,894.61,894.749,0.139
3,B3,895.074,895.771,0.697
3,G2,895.771,895.887,0.116
3,G3,895.887,896.119,0.232
3,B2,896.421,896.514,0.093
3,B3,896.514,896.816,0.302
3,C4,896.816,897.164,0.348
3,C4,897.443,897.791,0.348
3,B3,897.791,898.14,0.348
3,G3,898.395,898.999,0.604
3,A#3,899.068,899.718,0.65
3,D3,899.788,899.951,0.163
3,A#3,900.462,901.135,0.673
3,C2,901.135,901.251,0.116
3,G3,901.251,901.506,0.255
3,A#3,901.785,902.133,0.348
3,C2,902.133,902.249,0.116
3,C4,902.249,902.458,0.209
3,C4,902.76,903.062,0.302
3,A#3,903.132,903.364,0.232
3,A3,903.55,903.643,0.093
3,G3,903.759,904.339,0.58
3,F#3,905.129,905.756,0.627
3,F#3,906.429,907.079,0.65
3,F#2,907.079,907.172,0.093
3,A#3,907.172,907.729,0.557
3,F#2,907.776,907.892,0.116
3,C#4,907.892,908.287,0.395
3,A#3,908.426,909.006,0.58
3,F#2,909.146,909.262,0.116
3,F#3,909.262,909.471,0.209
3,G#3,909.471,909.749,0.279
3,A#3,909.773,910.098,0.325
3,B3,910.098,910.469,0.372
3,C#4,910.516,910.748,0.232
3,B3,910.794,911.143,0.348
3,A#3,911.143,911.491,0.348
3,G#3,911.514,911.77,0.255
3,F#3,911.77,912.443,0.673
3,C#4,913.116,913.697,0.58
3,A2,913.813,913.906,0.093
3,A3,913.906,914.068,0.163
3,F#3,914.44,914.788,0.348
3,G#3,914.811,915.183,0.372
3,B3,915.485,915.81,0.325
3,C#4,915.856,916.112,0.255
3,B3,916.158,916.553,0.395
3,G#3,916.785,917.11,0.325
3,F#3,917.133,917.714,0.58
3,F3,918.457,919.363,0.906
3,F3,919.781,920.407,0.627
3,F2,920.407,920.547,0.139
3,A3,920.547,920.686,0.139
3,F2,921.081,921.197,0.116
3,C4,921.197,921.731,0.534
3,F2,921.731,921.87,0.139
3,A3,921.87,922.033,0.163
3,F2,922.451,922.567,0.116
3,F3,922.567,922.799,0.232
3,G3,922.799,923.124,0.325
3,A#3,923.449,923.821,0.372
3,C4,923.821,924.076,0.255
3,A#3,924.123,924.564,0.441
3,G2,924.773,924.866,0.093
3,G3,924.866,925.168,0.302
3,F3,925.168,925.748,0.58
3,G#3,925.771,926.212,0.441
3,C4,926.421,927.002,0.58
3,G#3,927.118,927.629,0.511
3,F3,927.815,928.116,0.302
3,G3,928.116,928.488,0.372
3,G#3,928.488,928.743,0.255
3,A#3,928.79,929.138,0.348
3,C4,929.161,929.417,0.255
3,A#3,929.51,929.858,0.348
3,G#3,929.904,930.09,0.186
3,G3,930.09,930.485,0.395
3,F2,930.485,930.578,0.093
3,F3,930.578,930.996,0.418
3,E3,931.808,932.389,0.58
3,E3,933.086,933.782,0.697
3,G#3,933.782,934.316,0.534
3,B3,934.386,935.129,0.743
3,C#2,935.129,935.291,0.163
3,G#3,935.291,935.57,0.279
3,E3,935.802,936.151,0.348
3,F#3,936.174,936.429,0.255
3,G#3,936.476,936.824,0.348
3,B3,937.103,937.544,0.441
3,G#3,937.799,938.124,0.325
3,F#3,938.148,938.449,0.302
3,E3,938.449,938.983,0.534
3,G3,939.053,939.726,0.673
3,B3,939.773,940.423,0.65
3,G2,940.423,940.586,0.163
3,G3,940.586,941.027,0.441
3,E3,941.12,941.468,0.348
3,F#3,941.468,941.793,0.325
3,G3,941.793,942.141,0.348
3,A2,942.141,942.35,0.209
3,B3,942.443,942.838,0.395
3,A3,942.838,943.117,0.279
3,G3,943.117,943.511,0.395
3,F#3,943.511,943.767,0.255
3,E3,943.767,944.254,0.488
3,D#3,945.09,945.601,0.511
3,A#3,947.83,948.271,0.441
3,C2,948.434,948.527,0.093
3,G3,948.527,949.061,0.534
3,D#3,949.131,949.525,0.395
3,F3,949.525,949.757,0.232
3,G3,949.781,950.129,0.348
3,G#3,950.129,950.454,0.325
3,A#3,950.454,950.802,0.348
3,G#3,950.802,951.151,0.348
3,G3,951.151,951.406,0.255
3,G2,951.406,951.499,0.093
3,F2,951.522,951.615,0.093
3,D#3,951.731,952.172,0.441
3,F#2,952.405,952.521,0.116
3,F#3,952.521,953.031,0.511
3,F#2,953.031,953.148,0.116
3,A#3,953.148,953.682,0.534
3,F#2,953.775,953.937,0.163
3,F#3,953.937,954.378,0.441
3,D#3,954.425,954.866,0.441
3,F3,954.866,955.075,0.209
3,F#3,955.075,955.446,0.372
3,G#3,955.493,955.818,0.325
3,A#3,955.818,956.143,0.325
3,G#3,956.143,956.491,0.348
3,F#3,956.514,956.816,0.302
3,F3,956.816,957.002,0.186
3,D#3,957.095,957.42,0.325
3,D3,958.419,959.138,0.72
3,D3,959.765,960.415,0.65
3,F#2,960.415,960.578,0.163
3,F#3,960.578,961.135,0.557
3,A3,961.158,961.344,0.186
3,F#3,961.762,962.389,0.627
3,F#2,962.389,962.482,0.093
3,D3,962.482,962.854,0.372
3,E3,962.854,963.063,0.209
3,F#3,963.086,963.434,0.348
3,G3,963.434,963.852,0.418
3,G3,964.061,964.502,0.441
3,F#3,964.502,964.804,0.302
3,E3,964.804,965.083,0.279
3,D3,965.083,965.663,0.58
3,F2,965.779,965.919,0.139
3,F3,965.919,966.337,0.418
3,F3,967.172,967.73,0.557
3,D3,967.799,968.148,0.348
3,E3,968.148,968.473,0.325
3,F3,968.473,968.751,0.279
3,G3,968.751,969.169,0.418
3,A3,969.193,969.425,0.232
3,G3,969.425,969.889,0.464
3,F3,969.959,970.098,0.139
3,E3,970.098,970.423,0.325
3,D3,970.423,971.004,0.58
3,C#3,971.77,972.281,0.511
3,C#3,973.14,973.767,0.627
3,F2,973.767,973.883,0.116
3,F3,973.883,974.255,0.372
3,G#3,974.394,974.951,0.557
3,F3,975.137,975.485,0.348
3,C#3,975.81,976.089,0.279
3,D#3,976.112,976.46,0.348
3,F3,976.507,976.762,0.255
3,F#3,976.762,977.087,0.325
3,G#3,977.134,977.482,0.348
3,F#3,977.505,977.83,0.325
3,F3,977.83,978.016,0.186
3,D#3,978.109,978.295,0.186
3,C#3,978.434,978.968,0.534
3,E3,979.108,979.734,0.627
3,G#3,979.734,980.222,0.488
3,E2,980.477,980.57,0.093
3,E3,980.57,980.942,0.372
3,C#3,981.174,981.36,0.186
3,D#3,981.429,981.685,0.255
3,F#3,982.103,982.451,0.348
3,G#3,982.498,982.799,0.302
3,F#3,982.846,983.171,0.325
3,E3,983.171,983.426,0.255
3,D#3,983.426,983.705,0.279
3,C#3,983.751,984.286,0.534
3,C3,985.098,985.772,0.673
3,C3,986.399,987.049,0.65
3,E3,987.095,987.745,0.65
3,G3,987.745,988.442,0.697
3,E3,988.442,989.046,0.604
3,E2,989.046,989.139,0.093
3,C3,989.139,989.464,0.325
3,D3,989.464,989.765,0.302
3,E3,989.835,990.16,0.325
3,F3,990.16,990.416,0.255
3,G3,990.416,990.857,0.441
3,F2,990.857,990.996,0.139
3,F3,990.996,991.112,0.116
3,E3,991.112,991.461,0.348
3,D3,991.461,991.786,0.325
3,C3,991.786,992.25,0.464
3,D#3,992.413,992.9,0.488
3,G3,993.063,993.666,0.604
3,D#3,993.759,994.293,0.534
3,C3,994.526,994.781,0.255
3,D3,994.781,995.083,0.302
3,D#3,995.083,995.501,0.418
3,F3,995.501,995.756,0.255
3,G3,995.756,996.197,0.441
3,F2,996.197,996.337,0.139
3,F3,996.337,996.43,0.093
3,D#3,996.453,996.662,0.209
3,D3,996.778,997.103,0.325
3,C3,997.103,997.66,0.557
3,B2,998.427,999.286,0.859
3,B2,999.727,1000.493,0.766
3,D#2,1000.493,1000.632,0.139
3,D#3,1000.632,1000.888,0.255
3,F#2,1001.074,1001.166,0.093
3,F#3,1001.166,1001.747,0.58
3,D#3,1001.77,1002.211,0.441
3,B2,1002.374,1002.838,0.464
3,C#3,1002.838,1003.047,0.209
3,D#3,1003.187,1003.326,0.139
3,E3,1003.512,1003.674,0.163
3,F#3,1003.79,1004.139,0.348
3,E3,1004.139,1004.464,0.325
3,D#3,1004.464,1004.696,0.232
3,C#3,1004.882,1004.998,0.116
3,B2,1005.067,1005.764,0.697
3,D3,1005.764,1006.228,0.464
3,F#2,1006.391,1006.553,0.163
3,F#3,1006.553,1007.041,0.488
3,F#2,1007.041,1007.134,0.093
3,D3,1007.134,1007.668,0.534
3,B2,1007.761,1008.225,0.464
3,C#3,1008.225,1008.318,0.093
3,D3,1008.527,1008.829,0.302
3,F#3,1009.084,1009.502,0.418
3,E3,1009.526,1009.665,0.139
3,D3,1009.897,1010.036,0.139
3,C#3,1010.176,1010.408,0.232
3,B2,1010.408,1011.151,0.743
3,A#2,1011.708,1012.985,1.277
3,A#2,1013.055,1013.821,0.766
3,D2,1013.845,1013.961,0.116
3,D3,1013.961,1014.309,0.348
3,F2,1014.471,1014.611,0.139
3,F3,1014.611,1014.773,0.163
3,D3,1015.075,1015.447,0.372
3,A#2,1015.749,1016.283,0.534
3,C3,1016.283,1016.422,0.139
3,D3,1016.422,1016.654,0.232
3,D#3,1016.77,1017.072,0.302
3,F3,1017.211,1017.374,0.163
3,D#3,1017.397,1017.722,0.325
3,C3,1018.233,1018.326,0.093
3,A#2,1018.372,1019.185,0.813
3,C#3,1019.185,1019.278,0.093
3,C#3,1019.348,1019.626,0.279
3,F2,1019.789,1019.928,0.139
3,F3,1019.928,1020.068,0.139
3,C#3,1020.439,1020.973,0.534
3,A#2,1021.066,1021.53,0.464
3,C3,1021.577,1021.693,0.116
3,C#3,1021.832,1021.995,0.163
3,D#3,1022.088,1022.413,0.325
3,F3,1022.506,1022.738,0.232
3,D#3,1022.738,1023.016,0.279
3,C3,1023.481,1023.713,0.232
3,A#2,1023.713,1025.292,1.579
3,E3,1030.308,1030.563,0.255
3,D#3,1031.143,1031.26,0.116
4,A#2,1033.729,1034.217,0.488
4,A#2,1034.286,1034.565,0.279
4,A#2,1036.376,1036.608,0.232
4,D#3,1036.771,1037.026,0.255
4,F3,1037.049,1037.189,0.139
4,D#3,1037.235,1037.421,0.186
4,C#3,1037.491,1037.584,0.093
4,A#2,1037.653,1037.816,0.163
4,D3,1037.978,1038.141,0.163
4,D#3,1038.141,1038.327,0.186
4,F3,1038.373,1038.489,0.116
4,D#3,1038.536,1038.768,0.232
4,D3,1038.768,1038.861,0.093
4,C#3,1038.861,1038.953,0.093
4,A#2,1039.046,1039.232,0.186
4,B2,1039.232,1039.348,0.116
4,D3,1039.371,1039.72,0.348
4,F#3,1039.743,1039.859,0.116
4,F3,1039.859,1040.022,0.163
4,D3,1040.045,1040.347,0.302
4,A#2,1040.347,1040.602,0.255
4,B2,1040.602,1040.811,0.209
4,B2,1040.974,1041.601,0.627
4,B2,1041.624,1041.949,0.325
4,D#3,1042.019,1042.204,0.186
4,E3,1042.204,1042.367,0.163
4,F#3,1042.39,1042.576,0.186
4,E3,1042.622,1042.762,0.139
4,D#3,1042.762,1042.971,0.209
4,C#3,1043.203,1043.319,0.116
4,D#3,1043.365,1043.528,0.163
4,E3,1043.528,1043.667,0.139
4,F#3,1043.714,1043.853,0.139
4,E3,1043.876,1044.062,0.186
4,D#3,1044.062,1044.271,0.209
4,B2,1044.387,1044.689,0.302
4,D#3,1044.689,1044.991,0.302
4,F#3,1045.06,1045.385,0.325
4,D#3,1045.409,1045.664,0.255
4,B2,1045.664,1046.175,0.511
4,C3,1046.268,1046.871,0.604
4,C3,1046.964,1047.173,0.209
4,D3,1047.22,1047.382,0.163
4,E3,1047.406,1047.522,0.116
4,F3,1047.522,1047.707,0.186
4,G3,1047.731,1047.94,0.209
4,F3,1048.009,1048.125,0.116
4,E3,1048.125,1048.241,0.116
4,D3,1048.288,1048.381,0.093
4,D3,1048.497,1048.613,0.116
4,D#3,1048.613,1048.706,0.093
4,E3,1048.706,1048.845,0.139
4,F3,1048.845,1048.938,0.093
4,G3,1049.008,1049.24,0.232
4,F3,1049.286,1049.379,0.093
4,E3,1049.379,1049.542,0.163
4,D3,1049.542,1049.704,0.163
4,C3,1049.704,1049.96,0.255
4,E3,1049.983,1050.192,0.209
4,F3,1050.192,1050.308,0.116
4,G3,1050.354,1050.703,0.348
4,E3,1050.703,1051.005,0.302
4,C3,1051.005,1051.562,0.557
4,C#3,1051.678,1052.119,0.441
4,C#3,1052.398,1052.514,0.116
4,D#3,1052.537,1052.7,0.163
4,F#3,1052.816,1053.025,0.209
4,G#3,1053.048,1053.211,0.163
4,F#3,1053.257,1053.42,0.163
4,F3,1053.42,1053.512,0.093
4,D#3,1053.559,1053.768,0.209
4,D#3,1053.837,1054.093,0.255
4,F#3,1054.163,1054.372,0.209
4,G#3,1054.395,1054.488,0.093
4,F#3,1054.534,1054.789,0.255
4,D#3,1054.859,1055.045,0.186
4,C#3,1055.045,1055.37,0.325
4,F3,1055.44,1055.742,0.302
4,G#3,1055.742,1055.997,0.255
4,F3,1055.997,1056.322,0.325
4,C#3,1056.392,1056.694,0.302
4,D3,1057.019,1057.46,0.441
4,D3,1057.669,1057.947,0.279
4,F#3,1057.971,1058.203,0.232
4,G3,1058.203,1058.737,0.534
4,F#3,1058.737,1058.923,0.186
4,E3,1058.923,1059.016,0.093
4,D3,1059.039,1059.225,0.186
4,E3,1059.225,1059.341,0.116
4,F#3,1059.364,1059.48,0.116
4,G3,1059.48,1059.712,0.232
4,G3,1059.828,1060.084,0.255
4,F#3,1060.084,1060.269,0.186
4,E3,1060.269,1060.362,0.093
4,D3,1060.362,1060.687,0.325
4,F#2,1060.687,1060.85,0.163
4,F#3,1060.85,1061.012,0.163
4,F#2,1061.012,1061.105,0.093
4,F#3,1061.338,1061.639,0.302
4,F#2,1061.639,1061.732,0.093
4,D3,1061.732,1061.941,0.209
4,D#3,1062.382,1062.638,0.255
4,D#3,1062.986,1063.288,0.302
4,G3,1063.358,1063.543,0.186
4,G#3,1063.543,1063.683,0.139
4,A#3,1063.729,1063.845,0.116
4,G#3,1063.892,1064.077,0.186
4,G3,1064.077,1064.263,0.186
4,D#3,1064.379,1064.588,0.209
4,G3,1064.681,1064.89,0.209
4,G#3,1064.89,1065.006,0.116
4,A#3,1065.029,1065.169,0.139
4,G#3,1065.215,1065.355,0.139
4,G3,1065.355,1065.564,0.209
4,D#3,1065.656,1065.982,0.325
4,G2,1065.982,1066.098,0.116
4,G3,1066.098,1066.307,0.209
4,C2,1066.307,1066.446,0.139
4,A#3,1066.446,1066.655,0.209
4,C2,1066.655,1066.771,0.116
4,G3,1066.794,1066.957,0.163
4,G2,1066.957,1067.05,0.093
4,D#3,1067.05,1067.282,0.232
4,E3,1067.677,1068.257,0.58
4,E3,1068.373,1068.629,0.255
4,G#3,1068.768,1068.93,0.163
4,B3,1069.023,1069.302,0.279
4,G#3,1069.372,1069.557,0.186
4,F#3,1069.581,1069.72,0.139
4,E3,1069.743,1069.929,0.186
4,G#3,1069.975,1070.231,0.255
4,B3,1070.324,1070.602,0.279
4,G#3,1070.649,1070.904,0.255
4,F#3,1070.927,1071.02,0.093
4,E3,1071.02,1071.345,0.325
4,G#3,1071.345,1071.624,0.279
4,C#2,1071.647,1071.74,0.093
4,B3,1071.74,1072.019,0.279
4,C#2,1072.019,1072.112,0.093
4,G#3,1072.135,1072.321,0.186
4,E3,1072.367,1072.762,0.395
4,F3,1073.017,1073.528,0.511
4,F3,1073.667,1073.876,0.209
4,G3,1073.9,1074.062,0.163
4,A#3,1074.132,1074.41,0.279
4,A#3,1074.503,1074.782,0.279
4,G3,1074.828,1074.991,0.163
4,F3,1075.061,1075.177,0.116
4,G3,1075.2,1075.432,0.232
4,A#3,1075.548,1075.711,0.163
4,C2,1075.711,1075.896,0.186
4,A#3,1075.896,1076.082,0.186
4,G3,1076.175,1076.384,0.209
4,F3,1076.384,1076.732,0.348
4,C4,1077.15,1077.29,0.139
4,F3,1077.777,1078.033,0.255
4,F#3,1078.358,1078.845,0.488
4,F#3,1078.985,1079.263,0.279
4,A#3,1079.333,1079.542,0.209
4,B3,1079.542,1079.681,0.139
4,C#4,1079.728,1079.821,0.093
4,B3,1079.867,1080.099,0.232
4,A#3,1080.099,1080.262,0.163
4,F#3,1080.378,1080.633,0.255
4,A#3,1080.657,1080.912,0.255
4,C#4,1081.028,1081.191,0.163
4,B3,1081.26,1081.4,0.139
4,A#3,1081.4,1081.562,0.163
4,F#3,1081.678,1081.98,0.302
4,F#2,1081.98,1082.073,0.093
4,A#3,1082.073,1082.305,0.232
4,D#2,1082.305,1082.398,0.093
4,F#2,1082.398,1082.491,0.093
4,C#4,1082.491,1082.653,0.163
4,D#2,1082.723,1082.816,0.093
4,A#3,1082.816,1083.025,0.209
4,F#2,1083.025,1083.141,0.116
4,F#3,1083.141,1083.559,0.418
4,G3,1083.629,1084.256,0.627
4,G3,1084.279,1084.604,0.325
4,B2,1084.674,1084.766,0.093
4,B3,1084.766,1084.859,0.093
4,C4,1084.859,1085.022,0.163
4,C4,1085.208,1085.37,0.163
4,B3,1085.37,1085.579,0.209
4,G3,1085.695,1085.927,0.232
4,B3,1085.951,1086.229,0.279
4,C4,1086.229,1086.345,0.116
4,C4,1086.508,1086.694,0.186
4,B3,1086.694,1086.856,0.163
4,G3,1086.972,1087.344,0.372
4,B3,1087.414,1087.646,0.232
4,E2,1087.646,1087.785,0.139
4,B3,1087.971,1088.366,0.395
4,G2,1088.366,1088.482,0.116
4,G3,1088.482,1088.76,0.279
4,G#3,1089.016,1089.41,0.395
4,G#3,1089.666,1089.945,0.279
4,C4,1090.037,1090.13,0.093
4,C#4,1090.13,1090.362,0.232
4,C#4,1090.548,1090.711,0.163
4,C4,1090.711,1090.827,0.116
4,A#3,1090.897,1090.989,0.093
4,G#3,1091.059,1091.245,0.186
4,C4,1091.361,1091.477,0.116
4,C#4,1091.477,1091.663,0.186
4,D#4,1091.732,1091.872,0.139
4,C#4,1091.941,1092.104,0.163
4,C4,1092.104,1092.197,0.093
4,G#3,1092.336,1092.661,0.325
4,C4,1092.754,1092.963,0.209
4,D#4,1093.033,1093.358,0.325
4,C4,1093.428,1093.636,0.209
4,G#3,1093.706,1094.124,0.418
4,A3,1095.053,1095.215,0.163
4,B2,1095.215,1095.308,0.093
4,C#4,1095.401,1095.61,0.209
4,C#4,1095.958,1096.167,0.209
4,B2,1096.307,1096.4,0.093
4,B2,1096.469,1096.585,0.116
4,C#4,1096.655,1096.91,0.255
4,C#4,1097.328,1097.561,0.232
4,C#4,1097.979,1098.443,0.464
4,C#4,1098.629,1099.07,0.441
4,A#3,1099.674,1100.254,0.58
4,A#3,1100.37,1100.602,0.232
4,D#4,1100.788,1100.997,0.209
4,D#4,1101.183,1101.438,0.255
4,C4,1101.508,1101.624,0.116
4,A#3,1101.717,1101.856,0.139
4,C4,1101.88,1101.996,0.116
4,D#4,1102.112,1102.367,0.255
4,D#4,1102.53,1102.739,0.209
4,A#3,1103.041,1103.389,0.348
4,D3,1103.389,1103.482,0.093
4,A#3,1104.387,1104.852,0.464
4,B3,1104.991,1105.873,0.882
4,D#4,1106.082,1106.222,0.139
4,E4,1106.524,1106.709,0.186
4,D#4,1106.709,1106.872,0.163
4,B3,1107.081,1107.174,0.093
4,C#4,1107.243,1107.359,0.116
4,D#4,1107.429,1107.592,0.163
4,D#4,1107.986,1108.195,0.209
4,B3,1108.335,1108.613,0.279
4,D#3,1108.637,1108.729,0.093
4,D#4,1108.729,1109.055,0.325
4,F#4,1109.124,1109.264,0.139
4,D#4,1109.31,1109.635,0.325
4,E2,1109.705,1109.798,0.093
4,B3,1109.798,1110.216,0.418
4,C4,1110.332,1110.842,0.511
4,C4,1110.982,1111.284,0.302
4,G2,1111.794,1111.887,0.093
4,C4,1112.398,1112.561,0.163
4,G4,1113.048,1113.141,0.093
4,G2,1113.141,1113.234,0.093
4,C4,1113.722,1114.0,0.279
4,C2,1114.0,1114.163,0.163
4,G4,1114.372,1114.651,0.279
4,C2,1114.651,1114.79,0.139
4,C4,1115.069,1115.37,0.302
4,C#4,1115.626,1116.229,0.604
4,C#4,1116.322,1116.624,0.302
4,F4,1116.764,1116.88,0.116
4,F#4,1116.88,1116.996,0.116
4,F#4,1117.205,1117.414,0.209
4,D#4,1117.553,1117.669,0.116
4,C#4,1117.716,1117.855,0.139
4,F4,1118.041,1118.134,0.093
4,F#4,1118.134,1118.389,0.255
4,F#4,1118.482,1118.737,0.255
4,F4,1118.737,1118.853,0.116
4,C#4,1119.016,1119.341,0.325
4,C#2,1119.387,1119.504,0.116
4,C#4,1120.386,1120.827,0.441
4,D4,1121.663,1121.872,0.209
4,F#4,1121.965,1122.151,0.186
4,G4,1122.151,1122.383,0.232
4,G4,1122.499,1122.661,0.163
4,F#4,1122.661,1122.917,0.255
4,F#4,1123.265,1123.474,0.209
4,G4,1123.474,1123.73,0.255
4,G4,1123.799,1124.055,0.255
4,F#4,1124.055,1124.287,0.232
4,D2,1124.635,1124.728,0.093
4,F#4,1124.728,1125.053,0.325
4,F#4,1125.332,1125.657,0.325
4,D2,1125.657,1125.75,0.093
4,D#4,1126.307,1126.911,0.604
4,D#4,1126.957,1127.236,0.279
4,D#2,1127.236,1127.352,0.116
4,G4,1127.352,1127.654,0.302
4,G4,1127.956,1128.211,0.255
4,G4,1128.699,1128.954,0.255
4,G4,1129.326,1129.558,0.232
4,D#4,1129.72,1129.999,0.279
4,D#2,1129.999,1130.138,0.139
4,G4,1130.138,1130.417,0.279
4,G4,1130.672,1130.997,0.325
4,D#2,1130.997,1131.113,0.116
4,D#4,1131.113,1131.531,0.418
4,E4,1131.74,1131.949,0.209
4,E4,1132.367,1132.576,0.209
4,F#4,1132.623,1132.716,0.093
4,A4,1132.855,1132.994,0.139
4,A4,1133.25,1133.389,0.139
4,F#4,1133.552,1133.714,0.163
4,F#4,1133.853,1134.062,0.209
4,G4,1134.062,1134.155,0.093
4,F#4,1134.875,1135.014,0.139
4,G#4,1135.386,1135.525,0.139
4,G#4,1136.036,1136.175,0.139
4,F4,1136.988,1137.29,0.302
4,F4,1137.662,1137.87,0.209
4,A#4,1138.149,1138.335,0.186
4,A#2,1138.474,1138.567,0.093
4,A#4,1138.567,1138.73,0.163
4,G4,1138.869,1138.985,0.116
4,G4,1139.217,1139.333,0.116
4,G#4,1139.333,1139.426,0.093
4,A#4,1139.473,1139.658,0.186
4,A#4,1139.891,1140.053,0.163
4,A4,1140.053,1140.146,0.093
4,G4,1140.216,1140.309,0.093
4,F4,1140.378,1140.587,0.209
4,F2,1140.61,1140.727,0.116
4,A4,1140.773,1140.959,0.186
4,A4,1141.33,1141.632,0.302
4,E4,1142.422,1142.607,0.186
4,E4,1143.025,1143.165,0.139
4,F#4,1143.234,1143.35,0.116
4,A4,1143.513,1143.652,0.139
4,G#4,1144.001,1144.14,0.139
4,F#4,1144.21,1144.349,0.139
4,F#4,1144.488,1144.674,0.186
4,G#4,1144.744,1144.836,0.093
4,A4,1144.836,1144.999,0.163
4,A4,1145.208,1145.394,0.186
4,F#4,1145.556,1145.672,0.116
4,D#4,1147.646,1148.203,0.557
4,D#4,1148.319,1148.575,0.255
4,D#2,1148.575,1148.714,0.139
4,G4,1148.714,1148.9,0.186
4,G4,1149.295,1149.504,0.209
4,D#2,1149.689,1149.875,0.186
4,G4,1149.991,1150.224,0.232
4,G4,1150.665,1150.874,0.209
4,D#2,1150.897,1151.059,0.163
4,D#4,1151.059,1151.292,0.232
4,D#2,1151.292,1151.408,0.116
4,G4,1151.408,1151.71,0.302
4,G4,1151.988,1152.29,0.302
4,D#2,1152.29,1152.406,0.116
4,D#4,1152.406,1152.894,0.488
4,D4,1153.637,1153.846,0.209
4,F#4,1153.962,1154.171,0.209
4,G4,1154.171,1154.38,0.209
4,G4,1154.426,1154.728,0.302
4,F#4,1154.728,1154.891,0.163
4,F#4,1155.332,1155.494,0.163
4,G4,1155.494,1155.75,0.255
4,G4,1155.773,1156.029,0.255
4,F#4,1156.029,1156.214,0.186
4,F#4,1156.679,1157.05,0.372
4,F#4,1157.306,1157.654,0.348
4,D2,1157.654,1157.816,0.163
4,D4,1157.816,1157.956,0.139
4,C#4,1158.304,1158.885,0.58
4,C#4,1158.977,1159.279,0.302
4,F#4,1159.488,1160.046,0.557
4,F4,1160.046,1160.162,0.116
4,C#4,1160.347,1160.626,0.279
4,F#4,1160.858,1160.998,0.139
4,F#4,1161.16,1161.369,0.209
4,C#4,1161.671,1161.996,0.325
4,C#2,1162.066,1162.159,0.093
4,C#4,1163.041,1163.505,0.464
4,C4,1163.621,1164.202,0.58
4,C4,1164.295,1164.55,0.255
4,F4,1164.899,1164.991,0.093
4,G2,1165.015,1165.2,0.186
4,C4,1165.734,1165.851,0.116
4,G4,1166.361,1166.454,0.093
4,G2,1166.454,1166.547,0.093
4,C4,1167.058,1167.313,0.255
4,C2,1167.313,1167.499,0.186
4,G4,1167.708,1167.964,0.255
4,C2,1167.964,1168.103,0.139
4,C4,1168.382,1168.799,0.418
4,B3,1168.985,1169.519,0.534
4,B3,1169.635,1169.914,0.279
4,D4,1169.984,1170.1,0.116
4,D#4,1170.1,1170.239,0.139
4,D#4,1170.657,1170.843,0.186
4,C#4,1170.912,1171.005,0.093
4,B3,1171.052,1171.191,0.139
4,D#4,1171.377,1171.609,0.232
4,D#4,1172.004,1172.166,0.163
4,D4,1172.166,1172.259,0.093
4,B3,1172.352,1172.631,0.279
4,D#3,1172.677,1172.77,0.093
4,D#4,1172.77,1173.072,0.302
4,F#4,1173.142,1173.304,0.163
4,D#4,1173.327,1173.652,0.325
4,E2,1173.722,1173.815,0.093
4,B3,1173.815,1174.117,0.302
4,A#3,1174.395,1174.813,0.418
4,A#3,1174.999,1175.301,0.302
4,D#4,1175.44,1175.719,0.279
4,D#4,1175.812,1176.114,0.302
4,C4,1176.183,1176.3,0.116
4,A#3,1176.392,1176.555,0.163
4,D#4,1176.764,1176.996,0.232
4,D#4,1177.205,1177.414,0.209
4,A#3,1177.669,1178.018,0.348
4,A#3,1179.016,1179.481,0.464
4,C#4,1180.688,1180.92,0.232
4,C#4,1181.315,1181.501,0.186
4,B2,1181.826,1181.919,0.093
4,C#4,1182.012,1182.244,0.232
4,D4,1182.569,1182.662,0.093
4,C#4,1182.662,1182.894,0.232
4,C#4,1183.335,1183.73,0.395
4,C#4,1183.985,1184.38,0.395
4,G#3,1184.984,1185.448,0.464
4,G#3,1185.634,1185.959,0.325
4,C#4,1186.098,1186.284,0.186
4,D#4,1186.354,1186.47,0.116
4,C#4,1186.54,1186.749,0.209
4,A#3,1186.841,1187.004,0.163
4,G#3,1187.05,1187.236,0.186
4,C4,1187.352,1187.538,0.186
4,C#4,1187.538,1187.631,0.093
4,D#4,1187.654,1187.817,0.163
4,C#4,1187.886,1188.118,0.232
4,G#3,1188.327,1188.653,0.325
4,C4,1188.815,1188.931,0.116
4,D#4,1189.001,1189.326,0.325
4,C4,1189.396,1189.628,0.232
4,G#3,1189.721,1189.999,0.279
4,G3,1190.301,1190.835,0.534
4,G3,1190.951,1191.253,0.302
4,B3,1191.416,1191.555,0.139
4,C4,1191.555,1191.694,0.139
4,C4,1191.857,1192.019,0.163
4,B3,1192.019,1192.298,0.279
4,G3,1192.368,1192.553,0.186
4,B3,1192.623,1192.902,0.279
4,C4,1192.902,1193.018,0.116
4,C4,1193.18,1193.32,0.139
4,B3,1193.32,1193.529,0.209
4,G3,1193.691,1193.947,0.255
4,B3,1193.993,1194.318,0.325
4,E2,1194.318,1194.411,0.093
4,B3,1194.62,1195.015,0.395
4,G2,1195.015,1195.108,0.093
4,G3,1195.108,1195.41,0.302
4,F#3,1195.688,1196.153,0.464
4,F#3,1196.292,1196.617,0.325
4,B3,1196.803,1197.012,0.209
4,B3,1197.221,1197.406,0.186
4,A#3,1197.406,1197.569,0.163
4,G#3,1197.615,1197.708,0.093
4,F#3,1197.732,1197.871,0.139
4,G#3,1197.894,1198.01,0.116
4,A#3,1198.01,1198.242,0.232
4,B3,1198.242,1198.382,0.139
4,B3,1198.544,1198.753,0.209
4,A#3,1198.753,1198.985,0.232
4,F#3,1199.009,1199.287,0.279
4,F#2,1199.287,1199.403,0.116
4,A#3,1199.403,1199.612,0.209
4,D#2,1199.612,1199.752,0.139
4,C#4,1199.821,1199.961,0.139
4,A#3,1200.1,1200.332,0.232
4,F#2,1200.332,1200.471,0.139
4,F#3,1200.471,1200.75,0.279
4,F3,1201.006,1201.563,0.557
4,F3,1201.632,1201.865,0.232
4,G3,1201.865,1202.027,0.163
4,G2,1202.027,1202.12,0.093
4,A#3,1202.12,1202.376,0.255
4,C2,1202.376,1202.515,0.139
4,A#3,1202.515,1202.747,0.232
4,G3,1202.793,1203.049,0.255
4,F3,1203.072,1203.165,0.093
4,G3,1203.211,1203.374,0.163
4,A#3,1203.444,1203.699,0.255
4,C2,1203.699,1203.838,0.139
4,A#3,1203.838,1204.094,0.255
4,G3,1204.14,1204.303,0.163
4,G2,1204.303,1204.396,0.093
4,F3,1204.465,1204.651,0.186
4,C4,1205.115,1205.301,0.186
4,F3,1205.742,1206.021,0.279
4,E3,1206.323,1206.88,0.557
4,E3,1206.95,1207.205,0.255
4,F#3,1207.229,1207.321,0.093
4,G#3,1207.368,1207.53,0.163
4,B3,1207.623,1207.879,0.255
4,G#3,1207.925,1208.204,0.279
4,F#3,1208.227,1208.32,0.093
4,E3,1208.343,1208.575,0.232
4,G#3,1208.622,1208.9,0.279
4,B3,1208.97,1209.225,0.255
4,G#3,1209.295,1209.527,0.232
4,F#3,1209.55,1209.667,0.116
4,E3,1209.667,1209.992,0.325
4,G#3,1209.992,1210.294,0.302
4,B3,1210.363,1210.665,0.302
4,C#2,1210.665,1210.781,0.116
4,G#3,1210.804,1210.99,0.186
4,E3,1211.037,1211.338,0.302
4,D#3,1211.64,1212.105,0.464
4,D#3,1212.337,1212.592,0.255
4,G3,1212.708,1212.894,0.186
4,G#3,1212.894,1212.987,0.093
4,A#3,1213.01,1213.173,0.163
4,G#3,1213.242,1213.382,0.139
4,G3,1213.382,1213.544,0.163
4,D#3,1213.66,1213.962,0.302
4,G3,1214.009,1214.241,0.232
4,G#3,1214.241,1214.334,0.093
4,A#3,1214.357,1214.52,0.163
4,G#3,1214.589,1214.682,0.093
4,G3,1214.682,1214.938,0.255
4,D#3,1214.984,1215.332,0.348
4,G2,1215.332,1215.448,0.116
4,G3,1215.448,1215.611,0.163
4,C2,1215.611,1215.75,0.139
4,A#3,1215.75,1215.982,0.232
4,C2,1215.982,1216.122,0.139
4,G3,1216.122,1216.284,0.163
4,D#3,1216.354,1216.656,0.302
4,D3,1217.004,1217.445,0.441
4,D3,1217.677,1217.933,0.255
4,E3,1217.933,1218.049,0.116
4,G3,1218.119,1218.351,0.232
4,G3,1218.421,1218.676,0.255
4,F#3,1218.676,1218.885,0.209
4,D3,1218.978,1219.21,0.232
4,E3,1219.21,1219.373,0.163
4,F#3,1219.396,1219.489,0.093
4,G3,1219.489,1219.721,0.232
4,G#3,1219.721,1219.814,0.093
4,G3,1219.814,1220.069,0.255
4,F#3,1220.069,1220.255,0.186
4,D3,1220.301,1220.673,0.372
4,F#2,1220.673,1220.812,0.139
4,F#3,1220.812,1221.021,0.209
4,F#3,1221.323,1221.648,0.325
4,D3,1221.718,1222.02,0.302
4,C#3,1222.368,1222.786,0.418
4,C#3,1222.995,1223.227,0.232
4,D#3,1223.25,1223.39,0.139
4,F3,1223.413,1223.575,0.163
4,G#3,1223.691,1223.854,0.163
4,F#3,1223.9,1224.063,0.163
4,F3,1224.063,1224.156,0.093
4,D#3,1224.202,1224.388,0.186
4,C#3,1224.388,1224.504,0.116
4,D#3,1224.504,1224.713,0.209
4,F3,1224.736,1224.829,0.093
4,F#3,1224.829,1225.015,0.186
4,G#3,1225.061,1225.178,0.116
4,F#3,1225.224,1225.387,0.163
4,F3,1225.387,1225.479,0.093
4,D#3,1225.503,1225.712,0.209
4,C#3,1225.712,1226.037,0.325
4,F3,1226.106,1226.362,0.255
4,G#3,1226.362,1226.71,0.348
4,F3,1226.71,1226.965,0.255
4,C#3,1227.012,1227.36,0.348
4,C3,1227.685,1228.126,0.441
4,C3,1228.335,1228.568,0.232
4,D3,1228.568,1228.684,0.116
4,E3,1228.684,1228.916,0.232
4,F3,1228.916,1229.009,0.093
4,G3,1229.032,1229.241,0.209
4,E3,1229.311,1229.52,0.209
4,D3,1229.543,1229.705,0.163
4,D3,1229.798,1230.03,0.232
4,E3,1230.054,1230.216,0.163
4,F3,1230.216,1230.309,0.093
4,G3,1230.332,1230.541,0.209
4,F3,1230.565,1230.657,0.093
4,E3,1230.657,1230.866,0.209
4,C3,1231.075,1231.331,0.255
4,E3,1231.331,1231.656,0.325
4,G3,1231.656,1232.004,0.348
4,E3,1232.004,1232.283,0.279
4,C3,1232.399,1232.654,0.255
4,B2,1232.979,1233.931,0.952
4,D#3,1234.001,1234.21,0.209
4,E3,1234.21,1234.419,0.209
4,F#3,1234.419,1234.535,0.116
4,E3,1234.535,1234.674,0.139
4,D#3,1234.674,1234.953,0.279
4,B2,1234.976,1235.209,0.232
4,C#3,1235.209,1235.301,0.093
4,D#3,1235.301,1235.534,0.232
4,E3,1235.534,1235.673,0.139
4,F#3,1235.673,1235.835,0.163
4,E3,1235.835,1235.998,0.163
4,D#3,1235.998,1236.253,0.255
4,B2,1236.37,1236.625,0.255
4,D#3,1236.625,1237.02,0.395
4,F#2,1237.02,1237.113,0.093
4,F#3,1237.113,1237.322,0.209
4,D#3,1237.345,1237.6,0.255
4,B2,1237.647,1238.157,0.511
4,A#2,1238.274,1239.342,1.068
4,D3,1239.342,1239.504,0.163
4,D#3,1239.504,1239.62,0.116
4,D#2,1239.62,1239.713,0.093
4,D#3,1239.783,1240.038,0.255
4,D3,1240.038,1240.224,0.186
4,C3,1240.224,1240.317,0.093
4,A#2,1240.317,1240.596,0.279
4,D3,1240.712,1240.828,0.116
4,D#3,1240.828,1241.06,0.232
4,D#3,1241.199,1241.339,0.139
4,D3,1241.339,1241.594,0.255
4,A#2,1241.64,1242.082,0.441
4,D3,1242.082,1242.267,0.186
4,F2,1242.384,1242.476,0.093
4,F3,1242.476,1242.616,0.139
4,D3,1242.639,1242.964,0.325
4,A#2,1242.987,1244.102,1.115
4,E3,1248.096,1248.374,0.279
4,D3,1248.397,1248.63,0.232
4,D#3,1248.955,1249.048,0.093
4,D3,1249.048,1249.187,0.139
4,G2,1250.418,1250.627,0.209
5,F3,1252.37,1252.533,0.163
5,B2,1252.695,1252.788,0.093
5,A2,1252.95,1253.183,0.232
5,A#2,1253.206,1253.554,0.348
5,A#2,1255.226,1255.667,0.441
5,D3,1255.69,1255.946,0.255
5,C#3,1256.039,1256.201,0.163
5,D#3,1256.271,1256.642,0.372
5,D3,1256.642,1256.805,0.163
5,D#3,1256.805,1256.898,0.093
5,F#3,1257.014,1257.177,0.163
5,E3,1257.246,1257.339,0.093
5,E3,1257.409,1257.502,0.093
5,G3,1257.618,1257.92,0.302
5,F#3,1257.92,1258.221,0.302
5,G3,1258.221,1258.314,0.093
5,A3,1258.338,1258.57,0.232
5,G#3,1258.57,1258.663,0.093
5,G3,1258.663,1258.848,0.186
5,A#3,1258.964,1259.568,0.604
5,B3,1259.568,1259.986,0.418
5,A#3,1259.986,1260.543,0.557
5,B3,1260.543,1260.636,0.093
5,D4,1260.66,1260.799,0.139
5,A#3,1260.892,1261.263,0.372
5,B3,1261.263,1261.565,0.302
5,A3,1261.635,1261.937,0.302
5,A#3,1261.937,1262.238,0.302
5,G#3,1262.285,1262.378,0.093
5,G3,1262.378,1262.517,0.139
5,A3,1262.587,1262.842,0.255
5,G#3,1262.842,1262.935,0.093
5,F3,1262.982,1263.214,0.232
5,G3,1263.283,1263.585,0.302
5,D#3,1263.655,1263.91,0.255
5,F3,1263.957,1264.235,0.279
5,D#3,1264.259,1264.351,0.093
5,D3,1264.351,1264.491,0.139
5,D#3,1264.491,1264.932,0.441
5,C3,1264.955,1265.257,0.302
5,A#2,1265.28,1265.884,0.604
5,B2,1265.884,1267.393,1.509
5,B2,1268.554,1268.949,0.395
5,D#3,1268.995,1269.274,0.279
5,C#3,1269.297,1269.506,0.209
5,E3,1269.576,1269.901,0.325
5,D#3,1269.901,1270.203,0.302
5,F#3,1270.296,1270.574,0.279
5,E3,1270.621,1270.853,0.232
5,G#3,1270.992,1271.271,0.279
5,G3,1271.271,1271.387,0.116
5,G3,1271.457,1271.573,0.116
5,A#3,1271.666,1271.898,0.232
5,A3,1271.898,1272.13,0.232
5,B3,1272.2,1272.571,0.372
5,A#3,1272.571,1272.85,0.279
5,C4,1272.92,1273.222,0.302
5,B3,1273.222,1273.848,0.627
5,C4,1273.848,1273.941,0.093
5,D#4,1273.941,1274.197,0.255
5,B3,1274.243,1274.615,0.372
5,C4,1274.615,1274.708,0.093
5,C#4,1274.708,1274.8,0.093
5,C4,1274.8,1274.893,0.093
5,A#3,1274.94,1275.265,0.325
5,B3,1275.265,1275.52,0.255
5,G#3,1275.636,1275.845,0.209
5,A#3,1275.915,1276.147,0.232
5,F#3,1276.287,1276.565,0.279
5,G3,1276.565,1276.658,0.093
5,G3,1276.728,1276.844,0.116
5,E3,1276.913,1277.169,0.255
5,F#3,1277.239,1277.517,0.279
5,D#3,1277.61,1277.866,0.255
5,E3,1277.866,1278.214,0.348
5,C#3,1278.237,1278.539,0.302
5,B2,1278.539,1279.212,0.673
5,C3,1279.212,1280.048,0.836
5,C3,1281.836,1282.208,0.372
5,E3,1282.254,1282.393,0.139
5,F3,1282.393,1282.533,0.139
5,E3,1282.533,1282.626,0.093
5,D3,1282.649,1282.788,0.139
5,F3,1282.858,1283.299,0.441
5,E3,1283.299,1283.462,0.163
5,G3,1283.578,1283.949,0.372
5,F#3,1283.949,1284.181,0.232
5,G3,1284.181,1284.274,0.093
5,A3,1284.297,1284.576,0.279
5,G3,1284.623,1284.831,0.209
5,B3,1284.924,1285.249,0.325
5,A#3,1285.249,1285.505,0.255
5,B3,1285.505,1285.598,0.093
5,C4,1285.598,1285.853,0.255
5,B3,1285.853,1286.201,0.348
5,C4,1286.201,1286.318,0.116
5,C#4,1286.318,1286.503,0.186
5,C4,1286.503,1287.107,0.604
5,C#4,1287.107,1287.246,0.139
5,E4,1287.246,1287.525,0.279
5,C4,1287.571,1287.989,0.418
5,C#4,1287.989,1288.152,0.163
5,B3,1288.198,1288.593,0.395
5,C4,1288.593,1288.779,0.186
5,B3,1288.779,1288.895,0.116
5,A3,1288.941,1289.15,0.209
5,B3,1289.197,1289.475,0.279
5,G3,1289.568,1289.893,0.325
5,G#3,1289.893,1290.01,0.116
5,G#3,1290.079,1290.172,0.093
5,F3,1290.288,1290.52,0.232
5,G3,1290.59,1290.845,0.255
5,E3,1290.938,1291.24,0.302
5,F3,1291.24,1291.542,0.302
5,D3,1291.589,1291.844,0.255
5,C3,1291.914,1292.123,0.209
5,C#3,1292.123,1292.285,0.163
5,C3,1292.285,1292.471,0.186
5,C#3,1292.471,1293.26,0.789
5,C#3,1295.257,1295.582,0.325
5,F3,1295.652,1295.907,0.255
5,D#3,1295.954,1296.163,0.209
5,F#3,1296.209,1296.604,0.395
5,F3,1296.604,1296.883,0.279
5,G#3,1296.906,1297.231,0.325
5,F#3,1297.277,1297.533,0.255
5,A#3,1297.602,1297.928,0.325
5,G#3,1297.974,1298.16,0.186
5,C4,1298.229,1298.508,0.279
5,A#3,1298.554,1298.856,0.302
5,C#4,1298.926,1299.274,0.348
5,C4,1299.274,1299.53,0.255
5,D#4,1299.576,1299.855,0.279
5,C#4,1299.878,1300.505,0.627
5,C#3,1300.505,1300.621,0.116
5,F4,1300.691,1300.807,0.116
5,C#3,1300.83,1300.946,0.116
5,C#4,1300.946,1301.271,0.325
5,D#4,1301.318,1301.62,0.302
5,C4,1301.712,1301.852,0.139
5,C#4,1301.852,1302.223,0.372
5,F#2,1302.223,1302.316,0.093
5,A#3,1302.316,1302.572,0.255
5,C4,1302.618,1302.873,0.255
5,G#3,1302.943,1303.198,0.255
5,A#3,1303.222,1303.547,0.325
5,F#2,1303.547,1303.686,0.139
5,F#3,1303.686,1303.895,0.209
5,G#3,1303.918,1304.243,0.325
5,F3,1304.243,1304.545,0.302
5,F#3,1304.545,1304.94,0.395
5,D#3,1304.963,1305.242,0.279
5,C#3,1305.242,1305.753,0.511
5,D3,1305.869,1306.589,0.72
5,D3,1308.586,1308.887,0.302
5,F#2,1308.887,1309.027,0.139
5,F#3,1309.027,1309.329,0.302
5,E3,1309.352,1309.538,0.186
5,G3,1309.561,1309.886,0.325
5,F#3,1309.886,1310.35,0.464
5,G3,1310.536,1310.861,0.325
5,B3,1310.884,1311.302,0.418
5,C#4,1311.488,1311.906,0.418
5,B3,1311.952,1312.231,0.279
5,G2,1312.231,1312.37,0.139
5,D4,1312.37,1312.51,0.139
5,C#4,1312.51,1312.951,0.441
5,E4,1312.997,1313.137,0.139
5,F#4,1313.856,1314.251,0.395
5,D2,1314.251,1314.414,0.163
5,C#4,1314.878,1315.25,0.372
5,D4,1315.25,1315.505,0.255
5,B3,1315.551,1315.877,0.325
5,C#4,1315.9,1316.271,0.372
5,B3,1316.504,1316.898,0.395
5,G2,1316.898,1316.991,0.093
5,G3,1316.991,1317.223,0.232
5,F#3,1317.502,1317.873,0.372
5,G3,1317.873,1318.222,0.348
5,E3,1318.268,1318.524,0.255
5,D3,1318.547,1319.197,0.65
5,D#3,1319.197,1319.824,0.627
5,D#3,1321.891,1322.216,0.325
5,G2,1322.216,1322.309,0.093
5,G3,1322.309,1322.61,0.302
5,F3,1322.634,1322.866,0.232
5,G#3,1322.912,1323.214,0.302
5,G3,1323.214,1323.539,0.325
5,A#3,1323.609,1323.934,0.325
5,G#3,1323.957,1324.189,0.232
5,C4,1324.259,1324.514,0.255
5,A#3,1324.561,1324.909,0.348
5,C4,1325.257,1325.513,0.255
5,D#4,1325.559,1325.931,0.372
5,D4,1325.931,1326.047,0.116
5,F4,1326.256,1326.511,0.255
5,D#4,1326.535,1327.208,0.673
5,D#2,1327.208,1327.347,0.139
5,G4,1327.347,1327.51,0.163
5,D#2,1327.51,1327.626,0.116
5,D#4,1327.626,1327.951,0.325
5,D#2,1327.951,1328.044,0.093
5,G2,1328.206,1328.346,0.139
5,D#4,1328.508,1328.949,0.441
5,C4,1328.996,1329.205,0.209
5,A#3,1329.576,1329.878,0.302
5,C4,1329.925,1330.18,0.255
5,C2,1330.18,1330.273,0.093
5,G#3,1330.296,1330.528,0.232
5,A#3,1330.575,1330.853,0.279
5,C2,1330.853,1330.946,0.093
5,G3,1330.946,1331.248,0.302
5,G#3,1331.248,1331.596,0.348
5,F3,1331.596,1331.875,0.279
5,D#3,1331.898,1332.363,0.464
5,E3,1332.525,1333.477,0.952
5,E3,1335.219,1335.567,0.348
5,G#3,1335.59,1335.892,0.302
5,F#3,1335.915,1336.287,0.372
5,G#3,1336.519,1336.844,0.325
5,B3,1336.914,1337.262,0.348
5,C#4,1337.587,1337.889,0.302
5,B3,1337.936,1338.214,0.279
5,D#3,1338.237,1338.33,0.093
5,D#4,1338.33,1338.562,0.232
5,C#4,1338.609,1338.888,0.279
5,E4,1338.934,1339.189,0.255
5,D#4,1339.189,1339.561,0.372
5,F#4,1339.654,1339.886,0.232
5,E4,1339.909,1340.258,0.348
5,G#4,1340.606,1340.838,0.232
5,E2,1340.838,1341.047,0.209
5,E4,1341.047,1341.163,0.116
5,F#4,1341.233,1341.558,0.325
5,D#4,1341.604,1341.953,0.348
5,E4,1341.953,1342.115,0.163
5,C#4,1342.208,1342.556,0.348
5,D#4,1342.603,1342.858,0.255
5,B3,1342.974,1343.16,0.186
5,C#4,1343.23,1343.578,0.348
5,B3,1343.903,1344.182,0.279
5,G#3,1344.251,1344.576,0.325
5,F#3,1344.902,1345.203,0.302
5,E3,1345.227,1345.854,0.627
5,F3,1345.854,1347.409,1.556
5,F3,1348.57,1348.942,0.372
5,F2,1348.942,1349.035,0.093
5,G3,1349.267,1349.546,0.279
5,A#3,1349.615,1350.033,0.418
5,C4,1350.312,1350.544,0.232
5,A#3,1350.59,1350.939,0.348
5,D3,1350.939,1351.124,0.186
5,C4,1351.217,1351.566,0.348
5,C2,1351.566,1351.728,0.163
5,E4,1351.728,1351.844,0.116
5,F4,1352.285,1352.564,0.279
5,E4,1352.634,1352.82,0.186
5,G4,1352.889,1353.237,0.348
5,F4,1353.284,1353.446,0.163
5,A4,1353.934,1354.19,0.255
5,G4,1354.561,1354.956,0.395
5,F4,1355.234,1355.583,0.348
5,E4,1356.024,1356.186,0.163
5,C4,1356.279,1356.558,0.279
5,D4,1356.581,1356.79,0.209
5,A#3,1356.906,1357.231,0.325
5,C4,1357.278,1357.58,0.302
5,A#3,1357.905,1358.276,0.372
5,G3,1358.346,1358.578,0.232
5,F3,1358.578,1359.228,0.65
5,F#3,1359.228,1360.18,0.952
5,F#3,1361.922,1362.2,0.279
5,F#2,1362.2,1362.293,0.093
5,A#3,1362.293,1362.618,0.325
5,G#3,1362.642,1362.827,0.186
5,B3,1362.874,1363.245,0.372
5,A#3,1363.245,1363.547,0.302
5,F#2,1363.547,1363.64,0.093
5,C#4,1363.64,1363.895,0.255
5,B3,1363.942,1364.197,0.255
5,D#4,1364.29,1364.569,0.279
5,C#4,1364.615,1364.871,0.255
5,C#3,1364.871,1364.964,0.093
5,F4,1365.033,1365.149,0.116
5,D#4,1365.265,1365.544,0.279
5,F#4,1365.614,1365.916,0.302
5,F4,1365.916,1366.101,0.186
5,F#4,1366.519,1367.146,0.627
5,A#4,1367.216,1367.495,0.279
5,F#2,1367.495,1367.634,0.139
5,F#4,1367.634,1368.005,0.372
5,F4,1368.214,1368.539,0.325
5,F#4,1368.539,1368.934,0.395
5,D#4,1369.004,1369.213,0.209
5,F4,1369.259,1369.515,0.255
5,C#3,1369.561,1369.654,0.093
5,C#4,1369.654,1369.886,0.232
5,D#4,1369.933,1370.188,0.255
5,E2,1370.258,1370.351,0.093
5,B3,1370.351,1370.56,0.209
5,C#4,1370.583,1370.885,0.302
5,F#2,1370.885,1370.978,0.093
5,A#3,1370.978,1371.21,0.232
5,B3,1371.21,1371.604,0.395
5,G#3,1371.697,1371.883,0.186
5,F#3,1371.906,1372.51,0.604
5,G3,1372.51,1373.694,1.184
5,G3,1375.18,1375.552,0.372
5,B3,1375.598,1375.993,0.395
5,C4,1376.225,1376.574,0.348
5,B3,1376.574,1376.968,0.395
5,G2,1376.968,1377.084,0.116
5,C4,1377.247,1377.549,0.302
5,C2,1377.549,1377.688,0.139
5,E4,1377.688,1377.874,0.186
5,D2,1378.176,1378.269,0.093
5,F#4,1378.269,1378.663,0.395
5,G4,1378.872,1379.267,0.395
5,F#4,1379.267,1379.615,0.348
5,D2,1379.615,1379.731,0.116
5,A4,1379.731,1379.824,0.093
5,G4,1379.871,1380.474,0.604
5,G4,1380.846,1381.264,0.418
5,A4,1381.334,1381.519,0.186
5,F#4,1381.589,1381.844,0.255
5,G4,1381.844,1382.286,0.441
5,F#4,1382.541,1382.913,0.372
5,E4,1383.261,1383.516,0.255
5,C2,1383.516,1383.609,0.093
5,C4,1383.609,1383.911,0.302
5,B3,1384.213,1384.561,0.348
5,C4,1384.561,1384.933,0.372
5,G3,1385.211,1385.769,0.557
5,G#3,1385.885,1386.512,0.627
5,G#3,1388.601,1388.903,0.302
5,C4,1389.019,1389.205,0.186
5,A#3,1389.368,1389.53,0.163
5,C#4,1389.6,1389.925,0.325
5,C4,1389.925,1390.204,0.279
5,D#4,1390.25,1390.575,0.325
5,C#4,1390.622,1390.877,0.255
5,C#2,1390.923,1391.016,0.093
5,F4,1391.016,1391.225,0.209
5,D#4,1391.272,1391.527,0.255
5,D#2,1391.527,1391.643,0.116
5,G4,1391.643,1391.922,0.279
5,F4,1391.968,1392.27,0.302
5,C#3,1392.27,1392.41,0.139
5,G4,1392.526,1392.967,0.441
5,D#2,1392.967,1393.06,0.093
5,A#4,1393.06,1393.245,0.186
5,G#4,1393.269,1393.571,0.302
5,G#4,1394.337,1394.453,0.116
5,A#4,1394.662,1394.871,0.209
5,G4,1394.941,1395.312,0.372
5,G#4,1395.312,1395.475,0.163
5,F4,1395.614,1395.846,0.232
5,G4,1395.893,1396.241,0.348
5,D#2,1396.241,1396.357,0.116
5,D#4,1396.357,1396.543,0.186
5,F4,1396.589,1396.845,0.255
5,C#3,1396.891,1396.984,0.093
5,C#4,1396.984,1397.239,0.255
5,D#4,1397.263,1397.588,0.325
5,C4,1397.634,1397.866,0.232
5,C#4,1397.866,1398.284,0.418
5,A#3,1398.331,1398.586,0.255
5,G#3,1398.609,1399.05,0.441
5,A3,1402.023,1402.162,0.139
5,C#4,1402.278,1402.603,0.325
5,B3,1402.65,1402.998,0.348
5,C#4,1403.207,1403.625,0.418
5,E4,1403.671,1403.811,0.139
5,F#4,1404.229,1404.623,0.395
5,E4,1404.646,1404.902,0.255
5,G#4,1404.995,1405.157,0.163
5,F#4,1405.25,1405.552,0.302
5,D2,1405.552,1405.645,0.093
5,A4,1405.645,1405.924,0.279
5,G#4,1405.924,1406.179,0.255
5,A4,1406.527,1407.085,0.557
5,C#5,1407.317,1407.503,0.186
5,A3,1407.549,1407.642,0.093
5,A4,1407.642,1407.92,0.279
5,A4,1408.571,1408.896,0.325
5,F#4,1408.942,1409.267,0.325
5,E4,1409.685,1409.825,0.139
5,F#4,1409.894,1410.219,0.325
5,D2,1410.219,1410.382,0.163
5,E4,1410.684,1410.846,0.163
5,C#4,1410.916,1411.241,0.325
5,D4,1411.241,1411.473,0.232
5,B3,1411.589,1411.868,0.279
5,A#3,1412.518,1413.911,1.393
5,A#3,1415.235,1415.63,0.395
5,D3,1415.653,1415.792,0.139
5,C4,1415.955,1416.21,0.255
5,D#4,1416.233,1416.651,0.418
5,D4,1416.651,1416.814,0.163
5,F4,1416.953,1417.232,0.279
5,D#4,1417.278,1417.534,0.255
5,D#2,1417.534,1417.65,0.116
5,G4,1417.65,1417.882,0.232
5,F4,1417.928,1418.23,0.302
5,F2,1418.23,1418.346,0.116
5,A4,1418.393,1418.532,0.139
5,G4,1418.555,1418.927,0.372
5,D#2,1418.927,1419.043,0.116
5,A#4,1419.043,1419.229,0.186
5,A4,1419.229,1419.577,0.348
5,A#4,1419.879,1420.552,0.673
5,A#4,1420.924,1421.295,0.372
5,A4,1421.62,1421.852,0.232
5,A#4,1421.852,1422.201,0.348
5,D#2,1422.201,1422.317,0.116
5,G4,1422.317,1422.595,0.279
5,A4,1422.665,1422.851,0.186
5,F4,1423.013,1423.13,0.116
5,G4,1423.199,1423.571,0.372
5,D#2,1423.571,1423.687,0.116
5,D#4,1423.687,1423.919,0.232
5,D#4,1424.523,1424.917,0.395
5,C4,1424.987,1425.219,0.232
5,A#3,1425.266,1425.73,0.464
5,C#4,1428.888,1429.283,0.395
5,B3,1429.329,1429.608,0.279
5,G2,1429.608,1429.77,0.163
5,C#4,1429.863,1430.305,0.441
5,E4,1430.328,1430.467,0.139
5,F#4,1430.908,1431.28,0.372
5,E4,1431.326,1431.512,0.186
5,F#4,1431.883,1432.232,0.348
5,D2,1432.232,1432.325,0.093
5,A4,1432.325,1432.534,0.209
5,A4,1433.207,1433.764,0.557
5,A4,1434.298,1434.6,0.302
5,G#4,1435.018,1435.134,0.116
5,A4,1435.227,1435.529,0.302
5,D2,1435.529,1435.622,0.093
5,F#4,1435.622,1435.947,0.325
5,E4,1436.365,1436.458,0.093
5,F#4,1436.527,1436.899,0.372
5,D2,1436.899,1437.062,0.163
5,C#4,1437.549,1437.921,0.372
5,D4,1437.921,1438.176,0.255
5,B3,1438.246,1438.571,0.325
5,G#3,1439.175,1439.987,0.813
5,G#3,1441.891,1442.216,0.325
5,C4,1442.332,1442.565,0.232
5,A#3,1442.611,1442.89,0.279
5,F#2,1442.89,1442.983,0.093
5,C#4,1442.983,1443.238,0.255
5,C4,1443.238,1443.54,0.302
5,D#4,1443.586,1443.911,0.325
5,C#4,1443.958,1444.213,0.255
5,C#2,1444.26,1444.353,0.093
5,F4,1444.353,1444.562,0.209
5,D#4,1444.585,1444.84,0.255
5,D#2,1444.84,1444.956,0.116
5,G4,1444.956,1445.258,0.302
5,F4,1445.328,1445.606,0.279
5,G4,1445.839,1446.28,0.441
5,D#2,1446.28,1446.396,0.116
5,A#4,1446.396,1446.558,0.163
5,G#4,1446.651,1446.791,0.139
5,G#2,1447.58,1447.673,0.093
5,G#4,1447.673,1447.789,0.116
5,A#4,1448.021,1448.207,0.186
5,G4,1448.254,1448.648,0.395
5,G#4,1448.648,1448.811,0.163
5,F4,1448.927,1449.182,0.255
5,G4,1449.229,1449.554,0.325
5,D#2,1449.554,1449.67,0.116
5,D#4,1449.67,1449.856,0.186
5,F4,1449.925,1450.181,0.255
5,C#3,1450.227,1450.32,0.093
5,C#4,1450.32,1450.552,0.232
5,D#4,1450.599,1450.901,0.302
5,C4,1450.947,1451.179,0.232
5,C#4,1451.179,1451.551,0.372
5,A#3,1451.62,1451.922,0.302
5,G#3,1451.946,1452.317,0.372
5,G3,1452.503,1453.524,1.022
5,G3,1455.196,1455.591,0.395
5,B3,1455.637,1455.963,0.325
5,F2,1456.195,1456.311,0.116
5,C4,1456.311,1456.566,0.255
5,B3,1456.566,1456.984,0.418
5,G2,1456.984,1457.077,0.093
5,C4,1457.263,1457.565,0.302
5,E4,1457.704,1457.843,0.139
5,F#4,1458.261,1458.656,0.395
5,G4,1458.865,1459.237,0.372
5,F#4,1459.237,1459.631,0.395
5,D2,1459.631,1459.747,0.116
5,G4,1459.864,1460.537,0.673
5,G4,1460.839,1461.35,0.511
5,A4,1461.419,1461.512,0.093
5,F#4,1461.582,1461.837,0.255
5,G4,1461.837,1462.278,0.441
5,C2,1462.278,1462.394,0.116
5,E4,1462.394,1462.511,0.116
5,F#4,1462.534,1462.929,0.395
5,D2,1462.929,1463.045,0.116
5,E4,1463.277,1463.532,0.255
5,C2,1463.532,1463.648,0.116
5,C4,1463.648,1463.904,0.255
5,B3,1464.229,1464.554,0.325
5,C4,1464.554,1464.949,0.395
5,G3,1465.181,1465.808,0.627
5,F#3,1465.877,1467.108,1.231
5,F#3,1468.548,1468.85,0.302
5,F#2,1468.85,1468.943,0.093
5,A#3,1468.943,1469.268,0.325
5,G#3,1469.314,1469.5,0.186
5,B3,1469.569,1469.895,0.325
5,A#3,1469.895,1470.22,0.325
5,F#2,1470.22,1470.312,0.093
5,C#4,1470.312,1470.591,0.279
5,B3,1470.614,1470.87,0.255
5,D#4,1470.963,1471.195,0.232
5,C#4,1471.265,1471.543,0.279
5,F4,1471.682,1471.915,0.232
5,D#4,1471.938,1472.217,0.279
5,F#4,1472.286,1472.588,0.302
5,F4,1472.588,1472.82,0.232
5,F#4,1473.215,1473.795,0.58
5,A#4,1473.935,1474.19,0.255
5,F#2,1474.19,1474.33,0.139
5,F#4,1474.33,1474.678,0.348
5,F4,1474.91,1475.235,0.325
5,F#4,1475.235,1475.583,0.348
5,D#4,1475.653,1475.885,0.232
5,F4,1475.932,1476.164,0.232
5,C#3,1476.21,1476.303,0.093
5,C#4,1476.303,1476.559,0.255
5,D#4,1476.605,1476.861,0.255
5,B3,1476.977,1477.209,0.232
5,C#4,1477.255,1477.534,0.279
5,A#3,1477.604,1477.859,0.255
5,B3,1477.859,1478.3,0.441
5,G#3,1478.393,1478.532,0.139
5,F#3,1478.556,1479.159,0.604
5,F3,1479.229,1480.576,1.347
5,F3,1481.899,1482.248,0.348
5,F2,1482.248,1482.387,0.139
5,G3,1482.619,1482.874,0.255
5,A#3,1482.944,1483.316,0.372
5,C4,1483.641,1483.827,0.186
5,A#3,1483.873,1484.268,0.395
5,D3,1484.268,1484.453,0.186
5,C4,1484.546,1484.895,0.348
5,C2,1484.895,1485.057,0.163
5,E4,1485.057,1485.173,0.116
5,F4,1485.638,1485.847,0.209
5,E4,1486.009,1486.149,0.139
5,G4,1486.241,1486.543,0.302
5,F4,1486.59,1486.845,0.255
5,A4,1487.263,1487.542,0.279
5,F2,1487.565,1487.704,0.139
5,G4,1487.89,1488.262,0.372
5,F4,1488.656,1488.819,0.163
5,C4,1489.585,1489.887,0.302
5,D4,1489.933,1490.026,0.093
5,A#3,1490.258,1490.584,0.325
5,C4,1490.63,1490.885,0.255
5,A#3,1491.234,1491.582,0.348
5,C2,1491.582,1491.675,0.093
5,G3,1491.675,1491.907,0.232
5,F3,1491.907,1492.488,0.58
5,E3,1492.557,1493.347,0.789
5,E3,1495.228,1495.576,0.348
5,G#3,1495.599,1495.924,0.325
5,F#3,1495.947,1496.296,0.348
5,G#3,1496.551,1496.853,0.302
5,B3,1496.923,1497.224,0.302
5,C#4,1497.526,1497.898,0.372
5,B3,1497.944,1498.2,0.255
5,D#4,1498.316,1498.571,0.255
5,C#4,1498.618,1498.919,0.302
5,E4,1498.966,1499.128,0.163
5,D#4,1499.175,1499.593,0.418
5,F#4,1499.663,1499.895,0.232
5,E4,1499.941,1500.22,0.279
5,G#4,1500.684,1500.87,0.186
5,E2,1500.87,1500.986,0.116
5,E4,1501.009,1501.195,0.186
5,F#4,1501.218,1501.59,0.372
5,D#4,1501.659,1501.961,0.302
5,E4,1501.961,1502.193,0.232
5,C#4,1502.217,1502.588,0.372
5,D#4,1502.611,1502.867,0.255
5,B3,1502.937,1503.192,0.255
5,C#4,1503.262,1503.587,0.325
5,B3,1503.889,1504.237,0.348
5,G#3,1504.307,1504.562,0.255
5,A3,1504.562,1504.678,0.116
5,F#3,1504.864,1505.235,0.372
5,E3,1505.235,1505.746,0.511
5,D#3,1505.839,1506.536,0.697
5,D#3,1508.556,1508.881,0.325
5,G2,1508.881,1508.997,0.116
5,G3,1508.997,1509.252,0.255
5,F3,1509.276,1509.554,0.279
5,G#3,1509.601,1509.856,0.255
5,G3,1509.856,1510.204,0.348
5,A#3,1510.274,1510.576,0.302
5,G#3,1510.599,1510.855,0.255
5,C4,1510.924,1511.156,0.232
5,A#3,1511.203,1511.621,0.418
5,C4,1511.899,1512.225,0.325
5,D#4,1512.248,1512.596,0.348
5,D4,1512.596,1512.851,0.255
5,F4,1512.991,1513.107,0.116
5,D#4,1513.2,1513.827,0.627
5,G4,1513.896,1514.175,0.279
5,D#2,1514.175,1514.291,0.116
5,D#4,1514.291,1514.616,0.325
5,D4,1514.964,1515.081,0.116
5,D#4,1515.197,1515.591,0.395
5,C4,1515.661,1515.893,0.232
5,D4,1516.009,1516.172,0.163
5,A#3,1516.242,1516.567,0.325
5,C4,1516.59,1516.845,0.255
5,G#3,1516.938,1517.217,0.279
5,A#3,1517.24,1517.542,0.302
5,G3,1517.635,1517.89,0.255
5,G#3,1517.89,1518.285,0.395
5,F3,1518.285,1518.517,0.232
5,D#3,1518.54,1519.028,0.488
5,D3,1519.19,1520.096,0.906
5,D3,1521.907,1522.232,0.325
5,F#2,1522.232,1522.348,0.116
5,F#3,1522.348,1522.604,0.255
5,E3,1522.65,1522.836,0.186
5,G3,1522.859,1523.254,0.395
5,F#3,1523.254,1523.602,0.348
5,G3,1523.858,1524.183,0.325
5,B3,1524.229,1524.531,0.302
5,A3,1524.601,1524.763,0.163
5,C#4,1524.856,1525.251,0.395
5,B3,1525.297,1525.576,0.279
5,G2,1525.599,1525.739,0.139
5,D4,1525.739,1525.831,0.093
5,C#4,1525.831,1526.296,0.464
5,F#4,1527.201,1527.55,0.348
5,D2,1527.55,1527.735,0.186
5,E4,1528.014,1528.2,0.186
5,C#4,1528.223,1528.571,0.348
5,D4,1528.571,1528.827,0.255
5,B3,1528.896,1529.222,0.325
5,C#4,1529.268,1529.593,0.325
5,B3,1529.825,1530.243,0.418
5,G3,1530.313,1530.591,0.279
5,F#3,1530.847,1531.172,0.325
5,G3,1531.172,1531.636,0.464
5,E3,1531.636,1531.869,0.232
5,D3,1531.961,1532.31,0.348
5,C#3,1532.542,1533.262,0.72
5,C#3,1535.305,1535.468,0.163
5,F3,1535.607,1535.909,0.302
5,D#3,1535.955,1536.211,0.255
5,F#3,1536.211,1536.559,0.348
5,F3,1536.559,1536.861,0.302
5,G#3,1536.907,1537.209,0.302
5,F#3,1537.232,1537.534,0.302
5,A#3,1537.604,1537.929,0.325
5,G#3,1537.952,1538.161,0.209
5,C4,1538.231,1538.51,0.279
5,A#3,1538.579,1538.835,0.255
5,C#4,1538.904,1539.229,0.325
5,C4,1539.229,1539.531,0.302
5,D#4,1539.554,1539.879,0.325
5,C#4,1539.926,1540.506,0.58
5,F4,1540.599,1540.831,0.232
5,C#3,1540.878,1540.971,0.093
5,C#4,1540.971,1541.273,0.302
5,D#4,1541.319,1541.551,0.232
5,C4,1541.621,1541.876,0.255
5,C#4,1541.876,1542.225,0.348
5,A#3,1542.294,1542.573,0.279
5,C4,1542.643,1542.875,0.232
5,G#3,1542.945,1543.177,0.232
5,A#3,1543.2,1543.525,0.325
5,F#2,1543.525,1543.641,0.116
5,F#3,1543.641,1543.873,0.232
5,G#3,1543.92,1544.222,0.302
5,F3,1544.245,1544.547,0.302
5,F#3,1544.547,1544.895,0.348
5,D#3,1544.895,1545.22,0.325
5,C#3,1545.22,1545.731,0.511
5,C3,1545.893,1546.613,0.72
5,C3,1548.564,1548.958,0.395
5,E3,1548.958,1549.26,0.302
5,D3,1549.353,1549.585,0.232
5,F3,1549.632,1549.887,0.255
5,E3,1549.887,1550.212,0.325
5,G3,1550.236,1550.584,0.348
5,F3,1550.607,1550.886,0.279
5,G3,1551.188,1551.489,0.302
5,B3,1551.559,1551.931,0.372
5,C4,1552.279,1552.558,0.279
5,B3,1552.558,1552.952,0.395
5,G2,1552.952,1553.068,0.116
5,C4,1553.208,1553.811,0.604
5,E4,1553.974,1554.16,0.186
5,C2,1554.16,1554.299,0.139
5,C4,1554.299,1554.601,0.302
5,B3,1554.88,1555.251,0.372
5,C4,1555.251,1555.576,0.325
5,B3,1555.878,1556.226,0.348
5,G2,1556.226,1556.342,0.116
5,G3,1556.342,1556.551,0.209
5,F3,1556.923,1557.202,0.279
5,G3,1557.225,1557.573,0.348
5,E3,1557.573,1557.898,0.325
5,F3,1557.898,1558.2,0.302
5,D3,1558.246,1558.572,0.325
5,C3,1558.572,1559.013,0.441
5,B2,1559.198,1560.568,1.37
5,B2,1561.869,1562.287,0.418
5,D#3,1562.333,1562.519,0.186
5,E3,1562.867,1563.192,0.325
5,D#3,1563.192,1563.587,0.395
5,F#3,1563.587,1563.912,0.325
5,E3,1563.912,1564.214,0.302
5,G#3,1564.214,1564.539,0.325
5,F#3,1564.586,1564.864,0.279
5,A#3,1564.934,1565.259,0.325
5,G#3,1565.305,1565.491,0.186
5,B3,1565.561,1565.863,0.302
5,A#3,1565.863,1566.211,0.348
5,F#2,1566.211,1566.304,0.093
5,C#4,1566.304,1566.513,0.209
5,B3,1566.559,1567.14,0.58
5,D#4,1567.186,1567.511,0.325
5,E2,1567.558,1567.674,0.116
5,B3,1567.674,1567.906,0.232
5,C#4,1567.929,1568.208,0.279
5,F#2,1568.208,1568.301,0.093
5,A#3,1568.301,1568.533,0.232
5,B3,1568.533,1568.928,0.395
5,C#2,1568.928,1569.021,0.093
5,G#3,1569.021,1569.206,0.186
5,A#3,1569.23,1569.578,0.348
5,F#2,1569.578,1569.671,0.093
5,F#3,1569.671,1569.856,0.186
5,G#3,1569.88,1570.228,0.348
5,E3,1570.251,1570.576,0.325
5,F#3,1570.599,1570.878,0.279
5,D#3,1570.901,1571.226,0.325
5,E3,1571.226,1571.575,0.348
5,C#3,1571.575,1571.853,0.279
5,B2,1571.853,1572.457,0.604
5,A#2,1572.527,1575.058,2.531
5,A#2,1575.174,1575.638,0.464
5,D3,1575.661,1575.917,0.255
5,C3,1575.94,1576.172,0.232
5,D#3,1576.195,1576.567,0.372
5,D3,1576.567,1576.962,0.395
5,F3,1577.031,1577.217,0.186
5,D#3,1577.24,1577.519,0.279
5,G3,1577.589,1577.937,0.348
5,F3,1577.937,1578.262,0.325
5,F2,1578.262,1578.355,0.093
5,G3,1578.517,1578.843,0.325
5,A#3,1578.889,1579.307,0.418
5,C4,1579.655,1579.841,0.186
5,A#3,1579.864,1580.491,0.627
5,A#3,1580.863,1581.257,0.395
5,C4,1581.304,1581.559,0.255
5,F2,1581.559,1581.652,0.093
5,A#3,1581.838,1582.233,0.395
5,C2,1582.233,1582.326,0.093
5,G3,1582.326,1582.558,0.232
5,F3,1582.929,1583.185,0.255
5,G3,1583.185,1583.51,0.325
5,G2,1583.51,1583.603,0.093
5,D#3,1583.603,1583.928,0.325
5,F3,1583.928,1584.23,0.302
5,D3,1584.253,1584.555,0.302
5,D#3,1584.555,1584.903,0.348
5,C3,1584.973,1585.158,0.186
5,A#2,1585.158,1586.97,1.811
5,D#3,1590.801,1590.963,0.163
